Alert ID,SMARTS,ARTICLEID,PROPERTY,NAME,DESCRIPTION,PAGE,TABLE,LINE,COMMENT,SMARTS_DESCRIPTION,PUBMEDID,Publication
TA1105,[#6H3X4]-[#6X4H2]-[#6X4H2]*,A27542,Extended Functional Groups (EFG),Alkyl tails,Compounds containing only C and H atoms,-,-,-,,,26703557,"2015 Salmina, ES"
TA1106,"[+,++,+3,+4,+5,+6,+7,$([#7v4]),$([#8v3])] AND NOT [$([NX2]=[NX2+]=[NX1-]),$([NX2]=[NX2+]=N),$([NX2-]-[NX2+]#[NX1]),$([NX3](=[OX1])=[OX1]),$([NX3+](=[OX1])[O-]),$([NX2+]#[CX1-]),$([NX2]#[CX1]),$([OX1-,OH1][#7X4+]([*])([*])([*])),$([OX1]=[#7X4v5]([*])([*])([*])),$([OX1-,OH1][#7X3+R](~[R])(~[R])),$([OX1]=[#7v5X3R](~[R])(~[R])),$([*+]~[*-])]",A12075,Extended Functional Groups (EFG),Cations,Any positively charged atom,-,-,-,,,-,2005 CheckMol
TA1107,"[-,--,-3,-4,-5,-6,-7] AND NOT [$([NX2]=[NX2+]=[NX1-]),$([NX2]=[NX2+]=N),$([NX2-]-[NX2+]#[NX1]),$([NX3](=[OX1])=[OX1]),$([NX3+](=[OX1])[O-]),$([NX2+]#[CX1-]),$([NX2]#[CX1]),$([OX1-,OH1][#7X4+]([*])([*])([*])),$([OX1]=[#7X4v5]([*])([*])([*])),$([OX1-,OH1][#7X3+R](~[R])(~[R])),$([OX1]=[#7v5X3R](~[R])(~[R])),$([*-]~[*+])]",A12075,Extended Functional Groups (EFG),Anions,Any negatively charged atom,-,-,-,,,-,2005 CheckMol
TA1108,"[$([H][CX3]([#1,#6])=[OX1]),$([#6&!$(C#N)][CX3](=[OX1])[#6&!$(C#N)])]",A12075,Extended Functional Groups (EFG),Carbonyl compouns: aldehydes or ketones,"R1, R2 = H, alkyl, aryl ",-,-,-,,"R1, R2 = H, alkyl, aryl",-,2005 CheckMol
TA1109,"[H][CX3]([#1,#6])=[OX1]",A12075,Extended Functional Groups (EFG),Aldehydes,"R = H, alkyl, aryl",-,-,-,,R = H or any carbon atom,-,2005 CheckMol
TA1110,[#6&!$(C#N)][CX3](=[OX1])[#6&!$(C#N)],A12075,Extended Functional Groups (EFG),Ketones,"R1, R2 = alkyl, aryl",-,-,-,,"R1, R2 = any carbon atom",-,2005 CheckMol
TA1111,"[$([#1,#6][#6X3](=[SX1])[#1,#6]),$([#6]=[CX2]=[Sv2X1])]",A12075,Extended Functional Groups (EFG),Thiocarbonyl compounds: thioaldehydes or thioketones,"R1, R2 = H, alkyl, aryl",-,-,-,,"R1, R2 = H or any carbon atom",-,2005 CheckMol
TA1112,"[#1][CX3]([#1,#6])=[SX1]",A12075,Extended Functional Groups (EFG),Thioaldehydes,"R = H, alkyl, aryl",-,-,-,,R = H or any carbon atom,-,2005 CheckMol
TA1113,[#6&!$(C#N)][CX3](=[SX1])[#6&!$(C#N)],A12075,Extended Functional Groups (EFG),Thioketones,"R1, R2 = alkyl, aryl",-,-,-,,"R1, R2 = any carbon atom",-,2005 CheckMol
TA1114,"[#1,#6][CX3](=[NX2][#1,#6&!$([CX3]=[OX1,SX1,NX2])])[#1,#6]",A12075,Extended Functional Groups (EFG),Imines,"R1, R2, R3 = H, alkyl, aryl",-,-,-,,"R1, R2, R3 = H or any carbon atom",-,2005 CheckMol
TA1115,"[CX3]([#1,#6])([#1,#6])=[NX2][#7X3]([#1,#6&!$([CX3]=[OX1,SX1,NX2])])[#1,#6&!$([CX3]=[OX1,SX1,NX2])]",A12075,Extended Functional Groups (EFG),Hydrazones,"R1, R2, R3, R4 = H, alkyl, aryl",-,-,-,,"R1, R2, R3, R4 = H or any carbon atom",-,2005 CheckMol
TA1116,"[#1,#6][CX3]([#1,#6])=[NX2][NX3]([#1,#6&!$([CX3]=[OX1,SX1,NX2])])[CX3](=[OX1])[NX3]([#1,#6&!$([CX3]=[OX1,SX1,NX2])])[#1,#6&!$([CX3]=[OX1,SX1,NX2])]",A12075,Extended Functional Groups (EFG),Semicarbazones,"R1, R2, R3, R4, R5 = H, alkyl, aryl",-,-,-,,"R1, R2, R3, R4, R5 = H or any carbon atom",-,2005 CheckMol
TA1117,"[#1,#6][CX3]([#1,#6])=[NX2][NX3]([#1,#6&!$([CX3]=[OX1,SX1,NX2])])[CX3](=[SX1])[NX3]([#1,#6&!$([CX3]=[OX1,SX1,NX2])])[#1,#6&!$([CX3]=[OX1,SX1,NX2])]",A12075,Extended Functional Groups (EFG),Thiosemicarbazones,"R1, R2, R3, R4, R5 = H, alkyl or aromatic carbon",-,-,-,,"R1, R2, R3, R4, R5 = H or any carbon atom",-,2005 CheckMol
TA1118,"[#1,#6][CX3]([#1,#6])=[NX2][OH1]",A12075,Extended Functional Groups (EFG),Oximes,"R1, R2 = H, alkyl, aryl ",-,-,-,,"R1, R2 = H or any carbon atom",-,2005 CheckMol
TA1119,"[#1,#6][CX3]([#1,#6])=[NX2][OX2][#6&!$([CX3]=[OX1,SX1,NX2])]",A12075,Extended Functional Groups (EFG),Oxime ethers,"R1, R2 = H, alkyl, aryl; R3 = alkyl, aryl",-,-,-,,"R1, R2 = H or any carbon atom; R3 =  any carbon atom",-,2005 CheckMol
TA1120,"[OX1]=[CX2]=[CX3]([#1,#6])[#1,#6]",A12075,Extended Functional Groups (EFG),Ketenes,"R1, R2 = H, alkyl, aryl ",-,-,-,,"R1, R2 = H or any carbon atom",-,2005 CheckMol
TA1121,"[#1,#6][CX3]([#1,#6])=[CX3]([!#6!#1])[!#6!#1]",A12075,Extended Functional Groups (EFG),Ketene acetal derivatives,"R1, R2 = H, alkyl, aryl; X, Y = any hetero atom",-,-,-,,"R1, R2 = H or any carbon atom; X, Y = any atom except H and C",-,2005 CheckMol
TA1122,"[CH2,$([CH1][#6]),$([CX4]([#6])[#6])]([OH1])[OH1]",A12075,Extended Functional Groups (EFG),Carbonyl hydrates,"R1, R2 = H, alkyl, aryl ",-,-,-,,"R1, R2 = H or any carbon atom",-,2005 CheckMol
TA1123,"[CH2,$([CH1][#6]),$([CX4]([#6])[#6])]([OH1])[OX2][#6&!$([CX3]=[OX1,SX1,NX2])]",A12075,Extended Functional Groups (EFG),Hemiacetals / Hemiketals,"R1, R2 = H, alkyl, aryl; R3 = alkyl, aryl",-,-,-,,"R1, R2 = H or any carbon atom; R3 = any carbon atom",-,2005 CheckMol
TA1124,"[CH2,$([CH1][#6]),$([CX4]([#6])[#6])]([OX2][#6&!$([CX3]=[OX1,SX1,NX2])])[OX2][#6&!$([CX3]=[OX1,SX1,NX2])]",A12075,Extended Functional Groups (EFG),Acetals / Ketals,"R1, R2 = H, alkyl, aryl; R3, R4 = alkyl, aryl",-,-,-,,"R1, R2 = H, any carbon atom; R3, R4 = any carbon atom",-,2005 CheckMol
TA1125,"[CH2,$([CH1][#6]),$([CX4]([#6])[#6])]([OX2][#1,#6&!$([CX3]=[OX1,SX1,NX2])])[NX3]([#1,*])[#1,*]",A12075,Extended Functional Groups (EFG),Hemiaminals,"R1, R2, R3, R4, R5 = H, alkyl, aryl",-,-,-,,"R1, R2, R3, R4, R5 = H, any carbon atom",-,2005 CheckMol
TA1126,"[CH2,$([CH1][#6]),$([CX4]([#6])[#6])]([NX3]([#1,*])[#1,*])[NX3]([#1,*])[#1,*]",A12075,Extended Functional Groups (EFG),Aminals,"R1, R2, R3, R4, R5, R6 = H, alkyl, aryl",-,-,-,,"R1, R2, R3, R4, R5, R6 = H, any carbon atom",-,2005 CheckMol
TA1127,"[CH2,$([CH1][#6]),$([CX4]([#6])[#6])]([SX2][#1,#6&!$([CX3]=[OX1,SX1,NX2])&!$(C#N)])[NX3]([#1,*])[#1,*]",A12075,Extended Functional Groups (EFG),Thiohemiaminals,"R1, R2, R3, R4, R5 = H, alkyl, aryl",-,-,-,,"R1, R2, R3, R4, R5 = H, any carbon atom",-,2005 CheckMol
TA1128,"[CH2,$([CH1][#6]),$([CX4]([#6])[#6])]([SX2][#6&!$([CX3]=[OX1,SX1,NX2])&!$(C#N)])[SX2,OX2][#6&!$([CX3]=[OX1,SX1,NX2])&!$(C#N)]",A12075,Extended Functional Groups (EFG),Thioacetals / Thioketals,"R1, R2 = H, alkyl, aryl; R3, R4 = alkyl, aryl",-,-,-,,"R1, R2 = H, any carbon atom; R3, R4 = any carbon atom",-,2005 CheckMol
TA1129,"[CX3]([#1,#6])([#1,#6])=[CX3]([#1,#6])[NX3&!$([NX3](=[OX1])=[OX1])&!$([NX3+](=[OX1])[O-])]([#1,*])[#1,*]",A12075,Extended Functional Groups (EFG),Enamines,"R1, R2, R3, R4, R5 = H, acyl, alkyl, aryl",-,-,-,,"R1, R2, R3, R4, R5 = H, RC=O, any carbon atom, where R = H, any carbon",-,2005 CheckMol
TA1130,"[CX3]([#1,#6])([#1,#6])=[CX3]([OH1])[#1,#6]",A12075,Extended Functional Groups (EFG),Enols,"R1, R2, R3 = H, acyl, alkyl, aryl",-,-,-,,"R1, R2, R3 = H, RC=O, alkyl or aryl carbon, where R = H, any carbon",-,2005 CheckMol
TA1131,"[CX3]([#1,#6])([#1,#6])=[CX3]([OX2][#6&!$([CX3]([OX2])=[OX1,SX1,NX2,C])])[#1,#6]",A12075,Extended Functional Groups (EFG),Enolethers,"R1, R2, R3 = H, acyl, alkyl, aryl; R4 = alkyl, aryl",-,-,-,,"R1, R2, R3 = H, RC=O, alkyl or aryl carbon, where R = H, any carbon; R4 = any carbon atom",-,2005 CheckMol
TA1132,"[#6&!$([CX4]([OH1])[#8,#16,#7,#15])&!$([CX3]([OH1])=[OX1,SX1,NH2,C])][OH1]",A12075,Extended Functional Groups (EFG),Hydroxy compounds: alcohols or phenols,"R = alkyl, aryl",-,-,-,-,R = alkyl carbon or aromatic carbon,-,2005 CheckMol
TA1133,"[$([CX4][OH1])&!$(C([OH1])[#7,#8,#15,#16,F,Cl,Br,I])]",A12075,Extended Functional Groups (EFG),Alcohols,R = alkyl,-,-,-,,R = alkyl carbon,-,2005 CheckMol
TA1134,"[$([#6][CH2][OH1]),$([CH3][OH1])]",A12075,Extended Functional Groups (EFG),Primary alcohols,"R = alkyl, aryl",-,-,-,,R = any carbon atom,-,2005 CheckMol
TA1135,[OH1][CX4H1]([#6])[#6],A12075,Extended Functional Groups (EFG),Secondary alcohols,"R1, R2 = alkyl, aryl",-,-,-,,"R1, R2 = any carbon atom",-,2005 CheckMol
TA1136,[CX4]([OH1])([#6])([#6])[#6],A12075,Extended Functional Groups (EFG),Tertiary alcohols,"R1, R2, R3 = alkyl, aryl",-,-,-,,"R1, R2, R3 = any carbon atom",-,2005 CheckMol
TA1137,"[CX4]([OH1])([#1,#6])([#1,#6])[CX4]([OH1])([#1,#6])([#1,#6])",A12075,Extended Functional Groups (EFG),"1,2-Diols","R1, R2, R3, R4 = H, alkyl, aryl",-,-,-,,"R1, R2, R3, R4 = H, any carbon atom",-,2005 CheckMol
TA1138,"[CX4]([#1,#6])([#1,#6])([OH1])[CX4]([#1,#6])([#1,#6])[NH2,$([NH1]([CX4][CX4][OH1])[#6&!$([CX3]=[OX1,SX1,NX2,C])])]",A12075,Extended Functional Groups (EFG),"1,2-Aminoalcohols","R1, R2, R3, R4 = H, alkyl, aryl",-,-,-,,"R1, R2, R3, R4 = H, any carbon atom",-,2005 CheckMol
TA1139,c[OH1],A12075,Extended Functional Groups (EFG),Phenols,Any aromatic or heteroaromatic ring with an OH substituent,-,-,-,-,,-,2005 CheckMol
TA1140,"[$(c([OH1])c([OH1])),$(c([OH1])[aR1]c([OH1])),$(c1([OH1])aac([OH1])aa1)]",A27542,Extended Functional Groups (EFG),Diphenols,"Any aromatic or heteroaromatic ring with two OH substituents in ortho-, meta- or para-positions to each other ",-,-,-,,,26703557,"2015 Salmina, ES"
TA1141,"[CX3]([#1,#6])([OH1])=[CX3]([#1,#6])([OH1])",A12075,Extended Functional Groups (EFG),Enediols,"R1, R2 = H, alkyl, aryl",-,-,-,,"R1, R2 = H, any carbon atom",-,2005 CheckMol
TA1142,"[#6&!$([CX4]([OX2])([#7,O,S,F,Cl,Br,I,P]))&!$([CX3]([OX2])=[OX1,SX1,NX2,C])][OX2][#6&!$([CX4]([OX2])([#7,O,S,F,Cl,Br,I,P]))&!$([CX3]([OX2])=[OX1,SX1,NX2,C])]",A12075,Extended Functional Groups (EFG),Ethers,"R1, R2 = alkyl, aryl",-,-,-,,"R1, R2 = any carbon atom",-,2005 CheckMol
TA1143," [CX4&!$([CX4]([OX2])([#7,O,S,F,Cl,Br,I,P]))][OX2][CX4&!$([CX4]([OX2])([#7,O,S,F,Cl,Br,I,P]))]",A12075,Extended Functional Groups (EFG),Dialkylethers,"R1, R2 = alkyl",-,-,-,,"R1, R2 = alkyl carbon",-,2005 CheckMol
TA1144,"[CX4&!$([CX4]([OX2])([#7,O,S,F,Cl,Br,I,P]))][OX2]c",A12075,Extended Functional Groups (EFG),Alkylarylethers,R1 = alkyl; R2 = aryl,-,-,-,,R1 = alkyl carbon; R2 = aromatic carbon,-,2005 CheckMol
TA1145,c[OX2&!$([OX2r3])]c,A12075,Extended Functional Groups (EFG),Diarylethers,"R1, R2 = aryl",-,-,-,,"R1, R2 = aromatic carbon",-,2005 CheckMol
TA1146,"[#6&!$([CX4]([SX2])([#7,O,S,F,Cl,Br,I,P]))&!$([CX3]([SX2])=[OX1,SX1,NX2,C])&!$([#6][SX2]C#N)][SX2][#6&!$([CX4]([SX2])([#7,O,S,F,Cl,Br,I,P]))&!$([CX3]([SX2])=[OX1,SX1,NX2,C])&!$([#6][SX2]C#N)]",A12075,Extended Functional Groups (EFG),Thioethers,"R1, R2 = alkyl, aryl",-,-,-,,"R1, R2 = any carbon atom",-,2005 CheckMol
TA1147,[*][#16X2][#16X2][*],A12075,Extended Functional Groups (EFG),Disulfides,"R1, R2 = alkyl, aryl",-,-,-,,"R1, R2 = any carbon atom",-,2005 CheckMol
TA1148,"[#6&!$([CX3]=[OX1,SX1,NX2])][OX2][OX2][#6&!$([CX3]=[OX1,SX1,NX2])]",A12075,Extended Functional Groups (EFG),Peroxides,"R1, R2 = alkyl, aryl",-,-,-,,"R1, R2 = any carbon atom",-,2005 CheckMol
TA1149,"[#1,#6][OX2][OX2H1]",A12075,Extended Functional Groups (EFG),Hydroperoxides,"R = alkyl, aryl",-,-,-,,R = any carbon atom,-,2005 CheckMol
TA1150,"[$([NX4]([#1,#6])([#1,#6])([#1,#6])),$([NX3]([#1,#6])([#1,#6])),$([NX2]=[#1,#6])][$([NX4]([#1,#6])([#1,#6])([#1,#6])),$([NX3]([#1,#6])([#1,#6])),$([NX2]=[#1,#6])]",A12075,Extended Functional Groups (EFG),Hydrazine derivatives,"R1, R2, R3, R4 = H, acyl, alkyl, aryl",-,-,-,,"R1, R2, R3, R4 = H, RC=O, alkyl or aryl carbon, where R = H, any carbon",-,2005 CheckMol
TA1151,"[N&!$([NH1]([CX3]=[OX1,SX1,NX2])[OH1])&!$(N([OH1])([CX3]=[OX1,SX1,NX2])([CX3]=[OX1,SX1,NX2]))]([#1,#6])([#1,#6])[OH1]",A12075,Extended Functional Groups (EFG),Hydroxylamines,"R1, R2, R3 = H, alkyl, aryl",-,-,-,,"R1, R2, R3 = H, any carbon atom",-,2005 CheckMol
TA1152,"[NX3]([#1,#6&!$([CX3]=[O,S,N,C])&!$([#6]([NX3])[N,O,S,P])&!$(C([NX3])#N)])([#1,#6&!$([CX3]=[O,S,N,C])&!$([#6]([NX3])[N,O,S,P])&!$(C([NX3])#N)])[#1,#6&!$([CX3]=[O,S,N,C])&!$([#6]([NX3])[N,O,S,P])&!$(C([NX3])#N)]",A12075,Extended Functional Groups (EFG),Amines,"R1 = alkyl, aryl;  R2, R3 = H, alkyl, aryl",-,-,-,,"R1 =  any carbon atom; R2, R3 = H, any carbon atom",-,2005 CheckMol
TA1153,"[NX3H2][CX4&!$([CX4]([NH2])[O,N,S,P])]",A12075,Extended Functional Groups (EFG),Primary aliphatic amines,R = alkyl,-,-,-,,R = alkyl carbon,-,2005 CheckMol
TA1154,[NX3H2]c,A12075,Extended Functional Groups (EFG),Primary aromatic amines,R = aryl,-,-,-,,R = aromatic carbon,-,2005 CheckMol
TA1155,"[NX3H1]([CX4&!$([CX4]([NX3H1])[O,S,N,P])])[CX4&!$([CX4]([NX3H1])[O,S,N,P])]",A12075,Extended Functional Groups (EFG),Secondary aliphatic amines,"R1, R2 = alkyl",-,-,-,,"R1, R2 = alkyl carbon",-,2005 CheckMol
TA1156,"c[NX3H1][CX4&!$([CX4]([NX3H1])[O,N,S,P])]",A12075,Extended Functional Groups (EFG),Secondary mixed amines (aryl alkyl),R1 = alkyl; R2 = aryl,-,-,-,,R1 = alkyl carbon; R2 = aromatic carbon,-,2005 CheckMol
TA1157,[NX3H1](c)c,A12075,Extended Functional Groups (EFG),Secondary aromatic amines,"R1, R2 = aryl",-,-,-,,"R1, R2 = aromatic carbon",-,2005 CheckMol
TA1158,"[NX3]([CX4&!$([CX4]([NX3])[O,S,N,P])])([CX4&!$([CX4]([NX3])[O,S,N,P])])[CX4&!$([CX4]([NX3])[O,S,N,P])]",A12075,Extended Functional Groups (EFG),Tertiary aliphatic amines,"R1, R2, R3 = alkyl",-,-,-,,"R1, R2, R3 = alkyl carbon",-,2005 CheckMol
TA1159,"c[NX3]([CX4&!$([CX4]([NX3])[O,N,S,P])])[c,CX4&!$([CX4]([NX3]c)[O,S,N,P])]",A12075,Extended Functional Groups (EFG),Tertiary mixed amines (aryl alkyl),"R1 = alkyl; R2 = aryl; R3 = alkyl, aryl",-,-,-,,R1 = alkyl carbon; R2 = aromatic carbon; R3 = alkyl carbon or aromatic carbon,-,2005 CheckMol
TA1160,[NX3](c)(c)c,A12075,Extended Functional Groups (EFG),Tertiary aromatic amines,"R1, R2, R3 = aryl",-,-,-,,"R1, R2, R3 = aromatic carbon",-,2005 CheckMol
TA1161,"[NX4,NX4+]([#6])([#6])([#6])[#6]",A12075,Extended Functional Groups (EFG),Quaternary ammonium salts,"R1, R2, R3, R4 = alkyl, aryl",-,-,-,,"R1, R2, R3, R4 = any carbon atom",-,2005 CheckMol
TA1162,"[$([OX1-,OH1][#7X4+]([*])([*])([*])),$([OX1]=[#7X4v5]([*])([*])([*])),$([OX1]=[Nv5X3&!$([Nv5X3](=[OX1])=[OX1])](=[*])([*])),$([OX1-,OH1][#7X3+R](~[R])(~[R])),$([OX1]=[#7v5X3R](~[R])(~[R]))]",A12075,Extended Functional Groups (EFG),N-Oxides,"R1, R2, R3 = alkyl, aryl",-,-,-,,"R1, R2, R3 = any carbon atom",-,2005 CheckMol
TA1163,"[CX4,CX3,c;!$([#6]=[OX1])][F,Cl,Br,I]",A12075,Extended Functional Groups (EFG),"Halogen derivatives (alkyl, alkenyl, aryl)","R = alkyl, alkenyl, aryl; X = F, Cl, Br, I",-,-,-,,"R = alkyl, alkenyl or aryl carbon",-,2005 CheckMol
TA1164,"[CX4]F AND NOT [$([CX4](F)[CX3]=[CX3]),$([CX4](F)[CX2]#[CX2]),$([CX4](F)a)]",A12075,Extended Functional Groups (EFG),Alkyl fluorides,R = alkyl,-,-,-,,R = alkyl carbon,-,2005 CheckMol
TA1165,"[CX4]Cl AND NOT [$([CX4](Cl)[CX3]=[CX3]),$([CX4](Cl)[CX2]#[CX2]),$([CX4](Cl)a)]",A12075,Extended Functional Groups (EFG),Alkyl chlorides,R = alkyl,-,-,-,,R = alkyl carbon,-,2005 CheckMol
TA1166,"[CX4]Br AND NOT [$([CX4](Br)[CX3]=[CX3]),$([CX4](Br)[CX2]#[CX2]),$([CX4](Br)a)]",A12075,Extended Functional Groups (EFG),Alkyl bromides,R = alkyl,-,-,-,,R = alkyl carbon,-,2005 CheckMol
TA1167,"[CX4]I AND NOT [$([CX4](I)[CX3]=[CX3]),$([CX4](I)[CX2]#[CX2]),$([CX4](I)a)]",A12075,Extended Functional Groups (EFG),Alkyl iodides,R = alkyl,-,-,-,,R = alkyl carbon,-,2005 CheckMol
TA1168,aF,A12075,Extended Functional Groups (EFG),Aryl fluorides,R = aryl,-,-,-,,R = aromatic carbon,-,2005 CheckMol
TA1169,aCl,A12075,Extended Functional Groups (EFG),Aryl chlorides,R = aryl,-,-,-,,R = aromatic carbon,-,2005 CheckMol
TA1170,aBr,A12075,Extended Functional Groups (EFG),Aryl bromides,R = aryl,-,-,-,,R = aromatic carbon,-,2005 CheckMol
TA1171,aI,A12075,Extended Functional Groups (EFG),Aryl iodides,R = aryl,-,-,-,,R = aromatic carbon,-,2005 CheckMol
TA1172,[!#1!#2!#5!#6!#7!#8!#9!#10!#14!#15!#16!#17!#18!#32!#33!#34!#35!#36!#51!#52!#53!#54!#84!#85!#86]~[#6],A12075,Extended Functional Groups (EFG),Organometallic compounds,"R = alkyl, aryl",-,-,-,,R = any carbon,-,2005 CheckMol
TA1173,[Li][#6],A12075,Extended Functional Groups (EFG),Organolithium compounds,"R = alkyl, aryl",-,-,-,,R = any carbon,-,2005 CheckMol
TA1174,[Mg][#6],A12075,Extended Functional Groups (EFG),Organomagnesium compounds,"R = alkyl, aryl",-,-,-,,R = any carbon,-,2005 CheckMol
TA1175,"[#1,#6][CX3](=[OX1])[!#1!#6!$([SH1,SX2])]",A12075,Extended Functional Groups (EFG),Carboxylic acid derivatives,"R = H, alkyl, aryl; Y = any hetero atom",-,-,-,,"R = H, any carbon atom; Y = any atom except H and C",-,2005 CheckMol
TA1176,"[#1,#6][CX3](=[OX1])[OX2H1]",A12075,Extended Functional Groups (EFG),Carboxylic acids,"R = H, alkyl, aryl",-,-,-,,"R = H, any carbon atom",-,2005 CheckMol
TA1177,"[#1,#6][CX3](=[OX1])[OX1-]",A12075,Extended Functional Groups (EFG),Carboxylic acid salts,"R = H, alkyl, aryl",-,-,-,,"R = H, any carbon atom",-,2005 CheckMol
TA1178,"[#1,#6][CX3](=[OX1])[OX2][#6&!$([CX3]=[OX1,SX1,NX2])]",A12075,Extended Functional Groups (EFG),Carboxylic acid esters,"R1 = H, alkyl, aryl; R2 = alkyl, aryl",-,-,-,,"R1 = H, any carbon atom; R2 = any carbon atom ",-,2005 CheckMol
TA1179,"[#6R][CX3R](=[OX1])[OX2R][#6R&!$([CX3R]=[OX1,SX1,NX2])]",A12075,Extended Functional Groups (EFG),Lactones,A cyclic ester (any ring size),-,-,-,,,-,2005 CheckMol
TA1180,"[#1,#6][CX3](=[OX1])[NX3]([#1,#6&!$([CX3]=[OX1,SX1,NX1])])[#1,#6&!$([CX3]=[OX1,SX1,NX1])]",A12075,Extended Functional Groups (EFG),Carboxylic acid amides,"R1, R2, R3 = H, alkyl, aryl",-,-,-,,"R1, R2, R3 = H, any carbon atom",-,2005 CheckMol
TA1181,"[#1,#6][CX3](=[OX1])[NX3H2]",A12075,Extended Functional Groups (EFG),Carboxylic acid primary amides,"R = H, alkyl, aryl",-,-,-,,"R = H, any carbon atom",-,2005 CheckMol
TA1182,"[#1,#6][CX3](=[OX1])[NX3H1][#6&!$([CX3]=[OX1,SX1,NX2])]",A12075,Extended Functional Groups (EFG),Carboxylic acid secondary amides,"R1 = H, alkyl, aryl; R2 = alkyl, aryl",-,-,-,,"R1 = H, any carbon atom; R2 = any carbon atom",-,2005 CheckMol
TA1183,"[#1,#6][CX3](=[OX1])[NX3]([#6&!$([CX3]=[OX1,SX1,NX2])])[#6&!$([CX3]=[OX1,SX1,NX2])]",A12075,Extended Functional Groups (EFG),Carboxylic acid tertiary amides,"R1 = H, alkyl, aryl; R2, R3 = alkyl, aryl",-,-,-,,"R1 = H, any carbon atom; R2, R3 = any carbon atom",-,2005 CheckMol
TA1184,"[#6R][CX3R](=[OX1])[NX3R]([#1,#6&!$([CX3]=[OX1,SX1,NX2])])[#6R&!$([CX3R]=[OX1,SX1,NX2])]",A12075,Extended Functional Groups (EFG),Lactams,"R = H, alkyl, aryl; a cyclic amide (any ring size)",-,-,-,,"R = H, any carbon atom",-,2005 CheckMol
TA1185,"[$([#6,#1][#6X3](=[OX1])[#7X3&!$([#7X3]([*]=[OX1,SX1])[#7X3]([*]=[OX1,SX1]))][#7X3]),$(C1(=O)[NX3][NX3]C(=O)cc1)]",A12075,Extended Functional Groups (EFG),Carboxylic acid hydrazides,"R1, R2, R3, R4 = H, alkyl, aryl",-,-,-,,"R1, R2, R3, R4 = H, any carbon atom",-,2005 CheckMol
TA1186,"[#1,#6][CX3](=[OX1])[$([NX2]=[NX2+]=[NX1-]),$([NX2]=[NX2+]=N),$([NX2-]-[NX2+]#[NX1])]",A12075,Extended Functional Groups (EFG),Carboxylic acid azides,"R = H, alkyl, aryl",-,-,-,,"R = H, any carbon atom",-,2005 CheckMol
TA1187,"[#1,#6][CX3](=[OX1])[NX3][OH1]",A12075,Extended Functional Groups (EFG),Hydroxamic acids,"R = H, alkyl, aryl",-,-,-,,"R = H, any carbon atom",-,2005 CheckMol
TA1188,"[#1,#6][NX2]=[CX3]([#1,#6])[NX3]([#1,#6&!$([CX3]=[OX1,SX1,NX2])])[#1,#6&!$([CX3]=[OX1,SX1,N])]",A12075,Extended Functional Groups (EFG),Carboxylic acid amidines,"R1, R2, R3, R4 = H, alkyl, aryl",-,-,-,,"R1, R2, R3, R4 = H, any carbon atom",-,2005 CheckMol
TA1189,"[#1,#6][NX2]=[CX3]([#1,#6])[NX3]([#1,#6&!$([CX3]=[OX1,SX1,NX2])])[NX3]([#1,#6&!$([CX3]=[OX1,SX1,NX2])])[#1,#6&!$([CX3]=[OX1,SX1,NX2])]",A12075,Extended Functional Groups (EFG),Carboxylic acid amidrazones,"R1, R2, R3, R4, R5 = H, alkyl, aryl",-,-,-,,"R1, R2, R3, R4, R5 = H, any carbon atom",-,2005 CheckMol
TA1190,"[#1,#6&!$([CX3]=[OX1,SX1])][CX2]#[NX1]",A12075,Extended Functional Groups (EFG),Nitriles,"R = H, alkyl, aryl",-,-,-,,"R = H, any carbon atom",-,2005 CheckMol
TA1191,"[#1,#6][CX3](=[OX1])[F,Cl,Br,I]",A12075,Extended Functional Groups (EFG),Acyl halides,"R = H, alkyl, aryl; X = F, Cl, Br, I",-,-,-,,"R = H, any carbon atom",-,2005 CheckMol
TA1192,"[#1,#6][CX3](=[OX1])F",A12075,Extended Functional Groups (EFG),Acyl fluorides,"R = H, alkyl, aryl",-,-,-,,"R = H, any carbon atom",-,2005 CheckMol
TA1193,"[#1,#6][CX3](=[OX1])Cl",A12075,Extended Functional Groups (EFG),Acyl chlorides,"R = H, alkyl, aryl",-,-,-,,"R = H, any carbon atom",-,2005 CheckMol
TA1194,"[#1,#6][CX3](=[OX1])Br",A12075,Extended Functional Groups (EFG),Acyl bromides,"R = H, alkyl, aryl",-,-,-,,"R = H, any carbon atom",-,2005 CheckMol
TA1195,"[#1,#6][CX3](=[OX1])I",A12075,Extended Functional Groups (EFG),Acyl iodides,"R = H, alkyl, aryl",-,-,-,,"R = H, any carbon atom",-,2005 CheckMol
TA1196,"[#1,#6][CX3](=[OX1])[CX2]#[NX1]",A12075,Extended Functional Groups (EFG),Acyl cyanides,"R = H, alkyl, aryl",-,-,-,,"R = H, any carbon atom",-,2005 CheckMol
TA1197,"[#1,#6][CX3](=[NX2][#1,#6])[OX2][#6&!$([CX3]=[OX1,SX1,NX2,C])]",A12075,Extended Functional Groups (EFG),Imido esters,"R1, R2 = H, alkyl, aryl; R3 = alkyl, aryl",-,-,-,,"R1, R2 = H, any carbon atom; R3 =  any carbon atom",-,2005 CheckMol
TA1198,"[#1,#6][CX3](=[NX2][#1,#6])[F,Cl,Br,I]",A12075,Extended Functional Groups (EFG),Imidoyl halides,"R1, R2 = H, alkyl, aryl; X = F, Cl, Br, I",-,-,-,,"R1, R2 = H, any carbon atom",-,2005 CheckMol
TA1199,"[$([#1,#6][CX3](=[SX1])[!#1!#6]),$([#1,#6][CX3](=[OX1])[SX2])]",A12075,Extended Functional Groups (EFG),Thiocarboxylic acid derivatives,"R = H, alkyl, aryl; Y = any hetero atom",-,-,-,,"R = H, any carbon atom; Y = any atom except H and C",-,2005 CheckMol
TA1200,"[$([#1,#6][CX3](=[SX1])[OH1,SH1]),$([#1,#6][CX3](=[OX1])[SH1])]",A12075,Extended Functional Groups (EFG),Thiocarboxylic acids,"R = H, alkyl, aryl; Y = OH, SH",-,-,-,,"R = H, any carbon atom",-,2005 CheckMol
TA1201,"[$([#1,#6][CX3](=[SX1])[OX2,SX2][#6&!$([CX3]=[OX1,SX1,NX2])]),$([#1,#6][CX3](=[OX1])[SX2][#6&!$([CX3]=[OX1,SX1,NX2])])]",A12075,Extended Functional Groups (EFG),Thiocarboxylic acid esters,"R1 = H, alkyl, aryl; R2 = aklyl, aryl",-,-,-,,"R1 = H, any carbon atom; R2 = any carbon atom",-,2005 CheckMol
TA1202,"[$([#6R][CX3R](=[SX1])[OX2R,SX2R][#6R&!$([CX3R]=[OX1,SX1,NX2])]),$([#6R][CX3R](=[OX1])[SX2R][#6R&!$([CX3R]=[OX1,SX1,NX2])])]",A12075,Extended Functional Groups (EFG),Thiolactones,A cyclic thioester (any ring size),-,-,-,,,-,2005 CheckMol
TA1203,"[#1,#6][CX3](=[SX1])[NX3]([#1,#6&!$([CX3]=[OX1,SX1,NX1])])[#1,#6&!$([CX3]=[OX1,SX1,NX1])]",A12075,Extended Functional Groups (EFG),Thiocarboxylic acid amides,"R1, R2, R3 = H, alkyl, aryl",-,-,-,,"R1, R2, R3 = H, any carbon atom",-,2005 CheckMol
TA1204,"[#6R][CX3R](=[SX1])[NX3R]([#1,#6&!$([CX3]=[OX1,SX1,NX2])])[#6R&!$([CX3R]=[OX1,SX1,NX2])]",A12075,Extended Functional Groups (EFG),Thiolactams,"R = H, alkyl, aryl",-,-,-,,"R = H, any carbon atom",-,2005 CheckMol
TA1205,"[#1,#6][CX3](=[NX2][#1,#6])[SX2][C&!$([CX3]=[OX1,SX1,NX2])]",A12075,Extended Functional Groups (EFG),Imidothioesters,"R1, R2 = H, alkyl, aryl; R3 = alkyl, aryl",-,-,-,,"R1, R2 = H, any carbon atom; R3 =  any carbon atom",-,2005 CheckMol
TA1206,"[$(c(=[OX1])[$(n[#1,#6]),o,s]),$(c(=[OX1])a[$(n[#1,#6]),o,s]),$(c(=[OX1])aa[$(n[#1,#6]),o,s]),$(c(=[OX1])aaa[$(n[#1,#6]),o,s])]",A12075,Extended Functional Groups (EFG),Oxohetarenes,"R = H, alkyl, aryl; any heteroaromatic compound with a C=O structure",-,-,-,-,"R = H, any carbon atom",-,2005 CheckMol
TA1207,"[$(c(=[SX1])[$(n[#1,#6]),o,s]),$(c(=[SX1])a[$(n[#1,#6]),o,s]),$(c(=[SX1])aa[$(n[#1,#6]),o,s]),$(c(=[SX1])aaa[$(n[#1,#6]),o,s])]",A12075,Extended Functional Groups (EFG),Thioxohetarenes,"R = H, alkyl, aryl; any heteroaromatic compound with a C=S structure",-,-,-,-,"R = H, any carbon atom",-,2005 CheckMol
TA1208,"[$(c(=N)[$(n[#1,#6]),o,s]),$(c(=N)a[$(n[#1,#6]),o,s]),$(c(=N)aa[$(n[#1,#6]),o,s]),$(c(=N)aaa[$(n[#1,#6]),o,s])]",A12075,Extended Functional Groups (EFG),Iminohetarenes,"R1, R2 = H, alkyl, aryl; ; any heteroaromatic compound with a C=N structure",-,-,-,-,"R1, R2 = H, any carbon atom",-,2005 CheckMol
TA1209,"[CX4&!$([CX4]([F,Cl,Br,I])([F,Cl,Br,I])([F,Cl,Br,I]))]([#1,#6&!$([CX3]=[OX1,SX1,NX2])])([!#1!#6])([!#1!#6])[!#1!#6]",A12075,Extended Functional Groups (EFG),Orthocarboxylic acid derivatives,"R = H, alkyl, aryl; Y = OH, alkoxy, aryloxy, (substituted) amino, etc.",-,-,-,,"R = H, any carbon atom; Y = OH, OR, N(R1)R2, SH, SR, where R = any carbon atom; R1, R2 = H, any carbon atom",-,2005 CheckMol
TA1210,"[#1,#6][CX4]([OX2][#6&!$([CX3]=[OX1,SX1,NX2,C])])([OX2][#6&!$([CX3]=[OX1,SX1,NX2,C])])[OX2][#6&!$([CX3]=[OX1,SX1,NX2,C])]",A12075,Extended Functional Groups (EFG),Carboxylic acid orthoesters,"R1 = H, alkyl, aryl; R2, R3, R4 = alkyl, aryl",-,-,-,,"R1 = H, any carbon atom; R2, R3, R4 = any carbon atom",-,2005 CheckMol
TA1211,"[CH1,$([CX4][#6])]([OX2][#6&!$([CX3]=[OX1,SX1,NX2,C])])([OX2][#6&!$([CX3]=[OX1,SX1,NX2,C])])[NX3]([#1,*])[#1,*]",A12075,Extended Functional Groups (EFG),Carboxylic acid amide acetals,"R1, R2, R3 = H, alkyl, aryl; R4, R5 = alkyl, aryl",-,-,-,,"R1, R2, R3 = H, any carbon atom; R4, R5 = any carbon atom",-,2005 CheckMol
TA1212,[#6][#6X3](=[OX1])[#8X2][#6X3](=[OX1])[#6],A12075,Extended Functional Groups (EFG),Carboxylic acid anhydrides,"R1, R2 = H, alkyl, aryl",-,-,-,,"R1, R2 = H, any carbon atom",-,2005 CheckMol
TA1213,[CX3](=[OX1])[NX3][CX3](=[OX1]),A12075,Extended Functional Groups (EFG),Carboxylic acid imides,"R1, R2, R3 = H, alkyl, aryl",-,-,-,,"R1, R2, R3 = H, any carbon atom",-,2005 CheckMol
TA1214,[CX3](=[OX1])[NX3H1][CX3](=[OX1]),A12075,Extended Functional Groups (EFG),Carboxylic acid unsubstituted imides,"R1, R2 = H, alkyl, aryl",-,-,-,,"R1, R2 = H, any carbon atom",-,2005 CheckMol
TA1215,[CX3](=[OX1])[NX3H0][CX3](=[OX1]),A12075,Extended Functional Groups (EFG),Carboxylic acid substituted imides,"R1, R2 = H, alkyl, aryl; R3 = any atom except H",-,-,-,,"R1, R2 = H, any carbon atom",-,2005 CheckMol
TA1216,"[$([Cv4X4]([!#1!#6])([!#1!#6])([!#1!#6])[!#1!#6]),$([CX3](=[!#1!#6])([!#1!#6])[!#1!#6]),$([CX2](=[!#1!#6])=[!#1!#6]),$([CX2](#[!#1!#6])[!#1!#6])]",A12075,Extended Functional Groups (EFG),CO2 derivative (general),Any carbon with 4 valences to hetero atoms,-,-,-,A = any atom except H and carbon,"R1, R2, R3, R4 = any atom except H and C",-,2005 CheckMol
TA1217,"[$([CX3](=[OX1])([!#1!#6])[!#1!#6])&!$([CX3](=[OX1])([#7,#16X2,#15,#5])[#8X2,#16X2,#7,#15,#5])]",A12075,Extended Functional Groups (EFG),Carbonic acid derivatives,"R1, R2 = any hetero atom",-,-,-,,"R1, R2 = any atom except H and carbon",-,2005 CheckMol
TA1218,"[OH1][CX3](=[OX1])[OX2][#6&!$([CX3]=[OX1,SX1,NX2])]",A12075,Extended Functional Groups (EFG),Carbonic acid monoesters,"R = alkyl, aryl",-,-,-,,R = any carbon atom,-,2005 CheckMol
TA1219,"[#6&!$([CX3]=[OX1,SX1,NX2])][OX2][CX3](=[OX1])[OX2][#6&!$([CX3]=[OX1,SX1,NX2])]",A12075,Extended Functional Groups (EFG),Carbonic acid diesters,"R1, R2 = alkyl, aryl",-,-,-,,"R1, R2 = any carbon atom",-,2005 CheckMol
TA1220,"[#6][OX2][CX3](=[OX1])[F,Cl,Br,I]",A12075,Extended Functional Groups (EFG),Carbonic acid ester halides,"R = alkyl, aryl; X = F, Cl, Br, I",-,-,-,,R = any carbon atom,-,2005 CheckMol
TA1221,"[$([CX3](=[SX1])([!#1!#6])[!#1!#6])&!$([CX3](=[SX1])([#7,#16X2,#15,#5])[#8X2,#16X2,#7,#15,#5]),$([CX3](=[OX1])([!#1!#6])[SX2])&!$([CX3](=[OX1])([#7,#15,#5])[#8X2,#16X2,#7,#15,#5])]",A12075,Extended Functional Groups (EFG),Thiocarbonic acid derivatives,"R1, R2 = any hetero atom",-,-,-,,"R1, R2 = any atom except H and carbon",-,2005 CheckMol
TA1222,"[$([OH1,SH1][CX3](=[SX1])[OX2,SX2][#6&!$([CX3]=[OX1,SX1,NX2])]),$([OH1][CX3](=[OX1])[SX2][#6&!$([CX3]=[OX1,SX1,NX2])]),$([SH1][CX3](=[SX1,OX1])[OX2,SX2][#6&!$([CX3]=[OX1,SX1,NX2])])]",A12075,Extended Functional Groups (EFG),Thiocarbonic acid monoesters,"R = alkyl, aryl",-,-,-,,R = any carbon atom,-,2005 CheckMol
TA1223,"[$([#6&!$([CX3]=[OX1,SX1,NX2])][OX2,SX2][CX3](=[SX1])[OX2,SX2][#6&!$([CX3]=[OX1,SX1,NX2])]),$([#6&!$([CX3]=[OX1,SX1,NX2])][SX2][CX3](=[OX1])[OX2,SX2][#6&!$([CX3]=[OX1,SX1,NX2])])]",A12075,Extended Functional Groups (EFG),Thiocarbonic acid diesters,"R1, R2 = alkyl, aryl",-,-,-,,"R1, R2 = any carbon atom",-,2005 CheckMol
TA1224,"[$([#6&!$([CX3]=[OX1,SX1,NX2])][OX2,SX2][CX3](=[SX1])[F,Cl,Br,I]),$([#6&!$([CX3]=[OX1,SX1,NX2])][SX2][CX3](=[OX1])[F,Cl,Br,I])]",A12075,Extended Functional Groups (EFG),Thiocarbonic acid ester halides,"R = alkyl, aryl; X = F, Cl, Br, I",-,-,-,,R = any carbon atom,-,2005 CheckMol
TA1225,"[NX3]([#1,*])([#1,*])[CX3](=[OX1])[!#1!#6!#16!$([Pv5])]",A12075,Extended Functional Groups (EFG),Carbamic acid derivatives,"R1, R2 = H, alkyl, aryl; Y = OH, alkoxy, aryloxy, halogen",-,-,-,,"R1, R2 = H, any carbon atom; Y = OH, OR, F, Cl, Br, I, where R = any carbon atom",-,2005 CheckMol
TA1226,[OH1][CX3](=[OX1])[NX3],A12075,Extended Functional Groups (EFG),Carbamic acid,"R1, R2 = H, alkyl, aryl",-,-,-,,"R1, R2 = H, any carbon atom",-,2005 CheckMol
TA1227,"[#6][OX2][CX3](=[OX1])[NH2,NH1,NX3]",A12075,Extended Functional Groups (EFG),Carbamic acid esters (urethanes),"R1, R2 = H, alkyl, aryl; R3 = alkyl, aryl",-,-,-,,"R1, R2 = H, any carbon atom; R3 = any carbon atom",-,2005 CheckMol
TA1228,"[F,Cl,Br,I][CX3](=[OX1])[NX3]",A12075,Extended Functional Groups (EFG),Carbamic acid halides,"R1, R2 = H, alkyl, aryl; X = F, Cl, Br, I",-,-,-,,"R1, R2 = H, any carbon atom",-,2005 CheckMol
TA1229,"[$([NX3&!$([NX3]([CX3]=[SX1])[CX3]=[OX1,SX1,NX2])][CX3](=[SX1])[!#1!#6!#7!$([Pv5])]),$([NX3&!$([NX3]([CX3]=[OX1])[CX3]=[OX1,SX1,NX2])][CX3](=[OX1])[SH1,SX2])]",A12075,Extended Functional Groups (EFG),Thiocarbamic acid derivatives,"R1, R2 = H, alkyl, aryl; Y = OH, alkoxy, aryloxy, halogen",-,-,-,,"R1, R2 = H, any carbon atom; Y = OH, OR, F, Cl, Br, I, where R = any carbon atom",-,2005 CheckMol
TA1230,"[$([OH1,SH1][CX3](=[SX1])[NX3]),$([SH1][CX3](=[OX1])[NX3])]",A12075,Extended Functional Groups (EFG),Thiocarbamic acids,"R1, R2 = H, alkyl, aryl",-,-,-,,"R1, R2 = H, any carbon atom",-,2005 CheckMol
TA1231,"[$([#6][OX2,SX2][CX3](=[SX1])[NX3&!$([NX3]([CX3]=[OX1,SX1])[CX3]=[OX1,SX1])]),$([#6][SX2][CX3](=[OX1])[NX3&!$([NX3]([CX3]=[OX1,SX1])[CX3]=[OX1,SX1])])]",A12075,Extended Functional Groups (EFG),Thiocarbamic acid esters,"R1, R2 = H, alkyl, aryl; R3 = alkyl, aryl",-,-,-,,"R1, R2 = H, any carbon atom; R3 = any carbon atom",-,2005 CheckMol
TA1232,"[F,Cl,Br,I][CX3](=[SX1])[NX3]",A12075,Extended Functional Groups (EFG),Thiocarbamic acid halides,"R1, R2 = H, alkyl, aryl; X = F, Cl, Br, I",-,-,-,,"R1, R2 = H, any carbon atom",-,2005 CheckMol
TA1233,"[#7&!$([#7]=[#7])&!$([#7][#7H2])&!$([#7][#7H1][#6])&!$([#7][#7]([#1,#6])[#1,#6])&!$([#7][#7]=[#6])][CX3](=[OX1])[#7&!$([#7]=[#7])&!$([#7][#7H2])&!$([#7][#7H1][#6])&!$([#7][#7]([#1,#6])[#1,#6])&!$([#7][#7]=[#6])]",A12075,Extended Functional Groups (EFG),Ureas,"R1, R2, R3, R4 = H, alkyl, aryl",-,-,-,,"R1, R2, R3, R4 = H, any carbon atom",-,2005 CheckMol
TA1234,"[NX3&!$([NX3]([CX3]=[OX1,SX1,NX2])([CX3]=[OX1,SX1,NX2]))]([#1,#6])([#1,#6])[CX3]([OX2])=[NX2][#1,#6]",A12075,Extended Functional Groups (EFG),Isoureas,"R1, R2, R3, R4 = H, alkyl, aryl",-,-,-,,"R1, R2, R3, R4 = H, any carbon atom",-,2005 CheckMol
TA1235,"[#7&!$([#7]=[#7])&!$([#7][#7H2])&!$([#7][#7H1][#6])&!$([#7][#7]([#1,#6])[#1,#6])&!$([#7][#7]=[#6])][CX3](=S)[#7&!$([#7]=[#7])&!$([#7][#7H2])&!$([#7][#7H1][#6])&!$([#7][#7]([#1,#6])[#1,#6])&!$([#7][#7]=[#6])]",A12075,Extended Functional Groups (EFG),Thioureas,"R1, R2, R3, R4 = H, alkyl, aryl",-,-,-,,"R1, R2, R3, R4 = H, any carbon atom",-,2005 CheckMol
TA1236,"[NX3&!$([NX3]([CX3]=[OX1,SX1,NX2])([CX3]=[OX1,SX1,NX2]))]([#1,#6])([#1,#6])[CX3]([S&!$([SX2]([CX3]=N)C=C)])=[NX2][#1,#6]",A12075,Extended Functional Groups (EFG),Isothioureas,"R1, R2, R3, R4 = H, alkyl, aryl",-,-,-,,"R1, R2, R3, R4 = H, any carbon atom",-,2005 CheckMol
TA1237,"N[CX3](=[NX2][#1,#6])N",A12075,Extended Functional Groups (EFG),Guanidines,"R1, R2, R3, R4, R5 = H, alkyl, aryl",-,-,-,,"R1, R2, R3, R4, R5 = H, any carbon atom",-,2005 CheckMol
TA1238,"[$([NX3][CX3](=[OX1])[NX3&!$([NX3]([CX3]=[OX1,SX1])[NX3][CX3]=[OX1,SX1])][NX3])&!$([NX3][CX3](=[OX1])[NX3]N=C)]",A12075,Extended Functional Groups (EFG),Semicarbazides,"R1, R2, R3, R4, R5 = H, alkyl, aryl",-,-,-,,"R1, R2, R3, R4, R5 = H, any carbon atom",-,2005 CheckMol
TA1239,"[$([NX3][CX3](=[SX1])[NX3&!$([NX3]([CX3]=[OX1,SX1])[NX3][CX3]=[OX1,SX1])][NX3])&!$([NX3][CX3](=[SX1])[NX3]N=C)]",A12075,Extended Functional Groups (EFG),Thiosemicarbazides,"R1, R2, R3, R4, R5 = H, alkyl, aryl",-,-,-,,"R1, R2, R3, R4, R5 = H, any carbon atom",-,2005 CheckMol
TA1240,"[#6&!$([CX3]=[OX1,SX1])][$([NX2]=[NX2+]=[NX1-]),$(N=[NX2+]=N),$([NX2-]-[NX2+]#[NX1]),$([NX2]=[NX2]#[NX1])]",A12075,Extended Functional Groups (EFG),Azides,"R = alkyl, aryl",-,-,-,,R = any carbon atom,-,2005 CheckMol
TA1241,[#6][NX2]=[NX2][#6],A12075,Extended Functional Groups (EFG),Azo compounds,"R1, R2 = alkyl, aryl",-,-,-,,"R1, R2 = any carbon atom",-,2005 CheckMol
TA1242,"[#6&!$([CX3]=[OX1,SX1])][NX2+]#[NX1]",A12075,Extended Functional Groups (EFG),Diazonium salts,"R = alkyl, aryl",-,-,-,,R = any carbon atom,-,2005 CheckMol
TA1243,"[#6&!$([CX3]=[OX1,SX1])][$([NX2+]#[CX1-]),$([NX2]#[CX1])]",A12075,Extended Functional Groups (EFG),Isonitriles,"R = alkyl, aryl",-,-,-,,R = any carbon atom,-,2005 CheckMol
TA1244,[#6][OX2][CX2]#[NX1],A12075,Extended Functional Groups (EFG),Cyanates,"R = alkyl, aryl",-,-,-,,R = any carbon atom,-,2005 CheckMol
TA1245,[#6][NX2]=[CX2]=[OX1],A12075,Extended Functional Groups (EFG),Isocyanates,"R = alkyl, aryl",-,-,-,,R = any carbon atom,-,2005 CheckMol
TA1246,[#6][SX2][CX2]#[NX1],A12075,Extended Functional Groups (EFG),Thiocyanates,"R = alkyl, aryl",-,-,-,,R = any carbon atom,-,2005 CheckMol
TA1247,[#6][NX2]=[CX2]=[SX1],A12075,Extended Functional Groups (EFG),Isothiocyanates,"R = alkyl, aryl",-,-,-,,R = any carbon atom,-,2005 CheckMol
TA1248,"[#1,#6&!$([CX3]=[OX1,SX1])][NX2]=[CX2]=[NX2][#1,#6&!$([CX3]=[OX1,SX1])]",A12075,Extended Functional Groups (EFG),Carbodiimides,"R1, R2 = H, alkyl, aryl",-,-,-,,"R1, R2 = H, any carbon atom",-,2005 CheckMol
TA1249,"[#6,#7][NX2]=[OX1]",A12075,Extended Functional Groups (EFG),Nitroso compounds,"R = alkyl, aryl",-,-,-,,R = any carbon atom,-,2005 CheckMol
TA1250,"[#6&!$([CX3]=[OX1,SX1])][$([NX3](=[OX1])=[OX1]),$([NX3+](=[OX1])[O-])]",A12075,Extended Functional Groups (EFG),Nitro compounds,"R = alkyl, aryl",-,-,-,,R = any carbon atom,-,2005 CheckMol
TA1251,"[#6&!$([CX3]=[OX1,SX1])][OX2][NX2]=[OX1]",A12075,Extended Functional Groups (EFG),Nitrites,"R = alkyl, aryl",-,-,-,,R = any carbon atom,-,2005 CheckMol
TA1252,"[#6&!$([CX3]=[OX1,SX1])][OX2][$([NX3](=[OX1])=[OX1]),$([NX3+](=[OX1])[O-])]",A12075,Extended Functional Groups (EFG),Nitrates,"R = alkyl, aryl",-,-,-,,R = any carbon atom,-,2005 CheckMol
TA1253,[!#1!#6][Sv6X4](=[OX1])(=[OX1])[!#1!#6],A12075,Extended Functional Groups (EFG),Sulfuric acid derivatives,"Y, Z = any hetero atom",-,-,-,,"Y, Z = any atom except C and H",-,2005 CheckMol
TA1254,"[OH1,O-][Sv6X4](=[OX1])(=[OX1])[OX2,O-]",A12075,Extended Functional Groups (EFG),Sulfuric acid,,-,-,-,,,-,2005 CheckMol
TA1255,"[#6][OX2][Sv6X4](=[OX1])(=[OX1])[OH1,O-]",A12075,Extended Functional Groups (EFG),Sulfuric acid monoesters,"R = alkyl, aryl",-,-,-,,R = any carbon atom,-,2005 CheckMol
TA1256,[#6][OX2][Sv6X4](=[OX1])(=[OX1])[OX2][#6],A12075,Extended Functional Groups (EFG),Sulfuric acid diesters,"R1, R2 = alkyl, aryl",-,-,-,,"R1, R2 = any carbon atom",-,2005 CheckMol
TA1257,[#6][OX2][Sv6X4](=[OX1])(=[OX1])N,A12075,Extended Functional Groups (EFG),Sulfuric acid amide esters,"R1 = alkyl, aryl;  R2, R3 = H, alkyl, aryl",-,-,-,,"R1 = any carbon atom; R2, R3 = H, any carbon atom",-,2005 CheckMol
TA1258,"[OH1,O-][Sv6X4](=[OX1])(=[OX1])N",A12075,Extended Functional Groups (EFG),Sulfuric acid amides,"R1, R2 = H, alkyl, aryl",-,-,-,,"R1, R2 = H, any carbon atom",-,2005 CheckMol
TA1259,N[Sv6X4](=[OX1])(=[OX1])N,A12075,Extended Functional Groups (EFG),Sulfuric acid diamides,"R1, R2, R3, R4 = H, alkyl, aryl",-,-,-,,"R1, R2, R3, R4 = H, any carbon atom",-,2005 CheckMol
TA1260,"[!#1!#6][Sv6X4](=[OX1])(=[OX1])[F,Cl,Br,I]",A12075,Extended Functional Groups (EFG),Sulfuryl halides,"X = F, Cl, Br, I; Y = any hetero atom",-,-,-,,Y = any atom except C and H,-,2005 CheckMol
TA1261,[#6][Sv6X4](=[OX1])(=[OX1])[!#1!#6],A12075,Extended Functional Groups (EFG),Sulfonic acid derivatives,"R = alkyl, aryl; Y = any hetero atom",-,-,-,,R = any carbon atom; Y = any atom except C and H,-,2005 CheckMol
TA1262,"[#6][Sv6X4](=[OX1])(=[OX1])[OH1,O-]",A12075,Extended Functional Groups (EFG),Sulfonic acids,"R = alkyl, aryl",-,-,-,,R = any carbon atom,-,2005 CheckMol
TA1263,[#6][Sv6X4](=[OX1])(=[OX1])[OX2][#6],A12075,Extended Functional Groups (EFG),Sulfonic acid esters,"R1, R2 = alkyl, aryl",-,-,-,,"R1, R2 = any carbon atom",-,2005 CheckMol
TA1264,[#6][Sv6X4](=[OX1])(=[OX1])N,A12075,Extended Functional Groups (EFG),Sulfonamides,"R1 = alkyl, aryl;  R2, R3 = H, alkyl, aryl",-,-,-,,"R1 = any carbon atom; R2, R3 = H, any carbon atom",-,2005 CheckMol
TA1265,"[#6][Sv6X4](=[OX1])(=[OX1])[F,Cl,Br,I]",A12075,Extended Functional Groups (EFG),Sulfonyl halides,"R = alkyl, aryl; X = F, Cl, Br, I",-,-,-,,R = any carbon atom,-,2005 CheckMol
TA1266,"[#6][Sv6X4](=[OX1,SX1,NX2])(=[OX1,SX1,NX2])[#6]",A12075,Extended Functional Groups (EFG),Sulfones,"R1, R2 = alkyl, aryl",-,-,-,,"R1, R2 = any carbon atom",-,2005 CheckMol
TA1267,[#6][Sv4X3](=[OX1])[#6],A12075,Extended Functional Groups (EFG),Sulfoxides,"R1, R2 = alkyl, aryl",-,-,-,,"R1, R2 = any carbon atom",-,2005 CheckMol
TA1268,[#6][Sv4X3](=[OX1])[!#1!#6],A12075,Extended Functional Groups (EFG),Sulfinic acid derivatives,"R = alkyl, aryl; Y = any hetero atom",-,-,-,,R = any carbon atom; Y = any atom except C and H,-,2005 CheckMol
TA1269,"[#6][Sv4X3](=[OX1])[OH1,O-]",A12075,Extended Functional Groups (EFG),Sulfinic acids,"R = alkyl, aryl",-,-,-,,R = any carbon atom,-,2005 CheckMol
TA1270,[#6][Sv4X3](=[OX1])[OX2][#6],A12075,Extended Functional Groups (EFG),Sulfinic acid esters,"R1, R2 = alkyl, aryl",-,-,-,,"R1, R2 = any carbon atom",-,2005 CheckMol
TA1271,"[#6][Sv4X3](=[OX1])[F,Cl,Br,I]",A12075,Extended Functional Groups (EFG),Sulfinic acid halides,"R = alkyl, aryl; X = F, Cl, Br, I",-,-,-,,R = any carbon atom,-,2005 CheckMol
TA1272,"[#6][Sv4X3](=[OX1])[NX3&!$([NX3][CX3]=[OX1,SX1,NX2])]",A12075,Extended Functional Groups (EFG),Sulfinic acid amides,"R1 = alkyl, aryl;  R2, R3 = H, alkyl, aryl",-,-,-,,"R1 = any carbon atom; R2, R3 = H, any carbon atom",-,2005 CheckMol
TA1273,[#6][Sv2X2][!#6!#1!S],A12075,Extended Functional Groups (EFG),Sulfenic acid derivatives,"R = alkyl, aryl; Y = any hetero atom",-,-,-,,R = any carbon atom; Y = any atom except C and H,-,2005 CheckMol
TA1274,"[#6&!$([CX3]=[SX1,OX1,NX2])][Sv2X2][OH1]",A12075,Extended Functional Groups (EFG),Sulfenic acids,"R = alkyl, aryl",-,-,-,,R = any carbon atom,-,2005 CheckMol
TA1275,"[#6&!$([CX3]=[SX1,OX1,NX2])][Sv2X2][OX2][#6]",A12075,Extended Functional Groups (EFG),Sulfenic acid esters,"R1, R2 = alkyl, aryl",-,-,-,,"R1, R2 = any carbon atom",-,2005 CheckMol
TA1276,"[#6&!$([CX3]=[SX1,OX1,NX2])][Sv2X2][F,Cl,Br,I]",A12075,Extended Functional Groups (EFG),Sulfenic acid halides,"R = alkyl, aryl; X = F, Cl, Br, I",-,-,-,,R = any carbon atom,-,2005 CheckMol
TA1277,"[#6&!$([CX3]=[SX1,OX1,NX2])][Sv2X2][NX3]([#6&!$([CX3]=[OX1,SX1,NX2])])[#6&!$([CX3]=[OX1,SX1,NX2])]",A12075,Extended Functional Groups (EFG),Sulfenic acid amides,"R1 = alkyl, aryl;  R2, R3 = H, alkyl, aryl",-,-,-,,"R1 = any carbon atom; R2, R3 = H, any carbon atom",-,2005 CheckMol
TA1278,"[#6&!$([CX3]=[OX1,SX1,N,C])&!$(C#N)][Sv2H1]",A12075,Extended Functional Groups (EFG),Thiols,"R = alkyl, aryl",-,-,-,-,R = any carbon atom,-,2005 CheckMol
TA1279,"[C&!$([CX3]=[OX1,SX1,N,C])&!$(C#N)][Sv2H1]",A12075,Extended Functional Groups (EFG),Alkylthiols,R = alkyl,-,-,-,,R = alkyl carbon,-,2005 CheckMol
TA1280,c[Sv2H1],A12075,Extended Functional Groups (EFG),Thiophenols,R = aryl,-,-,-,,R = aromatic carbon,-,2005 CheckMol
TA1281,"[OX1]=[Pv5X4]([H,!#6!$([SX2])])([H,!#6!$([SX2])])[H,!#6!$([SX2])]",A12075,Extended Functional Groups (EFG),Phosphoric acid derivatives,"X, Y, Z = any O, N, Hal residue",-,-,-,,"X, Y, Z = O, N, F, Cl, Br, I atoms",-,2005 CheckMol
TA1282,[OX1]=[Pv5X4]([OH1])([O])[O],A12075,Extended Functional Groups (EFG),Phosphoric acids,,-,-,-,,,-,2005 CheckMol
TA1283,[OX1]=[Pv5X4]([OX2][#6])([!#6!$([SX2])])[!#6!$([SX2])],A12075,Extended Functional Groups (EFG),Phosphoric acid esters,"R = alkyl, aryl; Y, Z = any O, N, Hal residue",-,-,-,,"R = any carbon atom; Y, Z = O, N, F, Cl, Br, I atoms",-,2005 CheckMol
TA1284,"[OX1]=[Pv5X4]([F,Cl,Br,I])([!#6!$([SX2])])[!#6!$([SX2])]",A12075,Extended Functional Groups (EFG),Phosphoric acid halides,"X = F, Cl, Br, I; Y, Z = any O, N, Hal residue",-,-,-,,"Y, Z = O, N, F, Cl, Br, I atoms",-,2005 CheckMol
TA1285,[OX1]=[Pv5X4]([NX3])([!#6!$([SX2])])[!#6!$([SX2])],A12075,Extended Functional Groups (EFG),Phosphoric acid amides,"R1, R2 = H, alkyl, aryl; Y, Z = any O, N, Hal residue ",-,-,-,,"R1, R2 = H, any carbon atom; Y, Z = O, N, F, Cl, Br, I atoms",-,2005 CheckMol
TA1286,"[$([SX1]=[Pv5X4]([H,!#6])([H,!#6])[H,!#6]),$([OX1]=[Pv5X4]([SX2])([H,!#6])[H,!#6])]",A12075,Extended Functional Groups (EFG),Thiophosphoric acid derivatives,"X, Y, Z = any O, N, Hal residue",-,-,-,,"X, Y, Z = O, N, F, Cl, Br, I atoms",-,2005 CheckMol
TA1287,"[$([SX1]=[Pv5X4]([OH1,SH1])([O,S])[O,S]),$([OX1]=[Pv5X4]([SH1])([O,S])[O,S])]",A12075,Extended Functional Groups (EFG),Thiophosphoric acids,,-,-,-,,,-,2005 CheckMol
TA1288,"[$([SX1]=[Pv5X4]([OX2,SX2][#6])([!#6])[!#6]),$([OX1]=[Pv5X4]([SX2][#6])([!#6])[!#6])]",A12075,Extended Functional Groups (EFG),Thiophosphoric acid esters,"R = alkyl, aryl; Y, Z = any O, N, Hal residue",-,-,-,,"R = any carbon atom; Y, Z = O, N, F, Cl, Br, I atoms",-,2005 CheckMol
TA1289,"[$([SX1]=[Pv5X4]([F,Cl,Br,I])([!#6])[!#6]),$([OX1]=[Pv5X4]([F,Cl,Br,I])([SX2,SH1])[!#6])]",A12075,Extended Functional Groups (EFG),Thiophosphoric acid halides,"X = F, Cl, Br, I; Y, Z = any O, N, Hal residue",-,-,-,,"Y, Z = O, N, F, Cl, Br, I atoms",-,2005 CheckMol
TA1290,"[$([SX1]=[Pv5X4]([NX3])([!#6])[!#6]),$([OX1]=[Pv5X4]([NX3])([SX2,SH1])[!#6])]",A12075,Extended Functional Groups (EFG),Thiophosphoric acid amides,"R1, R2 = H, alkyl, aryl; Y, Z = any O, N, Hal residue ",-,-,-,,"R1, R2 = H, any carbon atom; Y, Z = O, N, F, Cl, Br, I atoms",-,2005 CheckMol
TA1291,[OX1]=[Pv5X4]([#6])([!#6])[!#6],A12075,Extended Functional Groups (EFG),Phosphonic acid derivatives,"R = alkyl, aryl; Y, Z = any O, N, Hal residue",-,-,-,,"R = any carbon atom; Y, Z = O, N, F, Cl, Br, I atoms",-,2005 CheckMol
TA1292,[OX1]=[Pv5X4]([#6])([OH1])O,A12075,Extended Functional Groups (EFG),Phosphonic acids,"R = alkyl, aryl",-,-,-,,R = any carbon atom,-,2005 CheckMol
TA1293,[OX1]=[Pv5X4]([#6])([OX2][#6])[!#6],A12075,Extended Functional Groups (EFG),Phosphonic acid esters,"R1, R2 = alkyl, aryl; Y = any O, N, Hal residue",-,-,-,,"R1, R2 = any carbon atom; Y = O, N, F, Cl, Br, I atoms",-,2005 CheckMol
TA1294,[Pv3X3]([#6])([#6])[#6],A12075,Extended Functional Groups (EFG),Phosphines,"R1, R2, R3 = alkyl, aryl",-,-,-,,"R1, R2, R3 = any carbon atom",-,2005 CheckMol
TA1295,[Pv5X4](=[OX1])([#6])([#6])[#6],A12075,Extended Functional Groups (EFG),Phosphinoxides,"R1, R2, R3 = alkyl, aryl",-,-,-,,"R1, R2, R3 = any carbon atom",-,2005 CheckMol
TA1296,[Bv3X3]([#6])([!#6])[!#6],A12075,Extended Functional Groups (EFG),Boronic acid derivatives,"R = alkyl, aryl; Y, Z = any O, N, Hal residue",-,-,-,-,"R = any carbon atom; Y, Z = O, N, F, Cl, Br, I atoms",-,2005 CheckMol
TA1297,"[BX3]([#6])([OH1,SH1])[O,S]",A12075,Extended Functional Groups (EFG),Boronic acids,"R = alkyl, aryl",-,-,-,,R = any carbon atom,-,2005 CheckMol
TA1298,"[BX3]([#6])([OX2][#6])[H,!#6]",A12075,Extended Functional Groups (EFG),Boronic acid esters,"R1, R2 = alkyl, aryl; Y = any O, N, Hal residue",-,-,-,,"R1, R2 = any carbon atom; Y = O, N, F, Cl, Br, I atoms",-,2005 CheckMol
TA1300,[CX2]#[CX2],A12075,Extended Functional Groups (EFG),Alkynes,"R1, R2 = H, alkyl, aryl",-,-,-,,"R1, R2 = H, any carbon atom",-,2005 CheckMol
TA1301,[a!r0],A12075,Extended Functional Groups (EFG),Aromatic compounds,Any aromatic carbocyclic or heterocyclic structure,-,-,-,,,-,2005 CheckMol
TA1302,c1ccccc1,A27542,Extended Functional Groups (EFG),Arenes,Any compounds containing at least one benzen ring,-,-,-,,,26703557,"2015 Salmina, ES"
TA1303,[*R]~[*R&!#6]~[*R],A12075,Extended Functional Groups (EFG),Heterocyclic compounds,Any cyclic structure with at least one non-carbon atom incorporated,-,-,-,,,-,2005 CheckMol
TA1304,[a!#6!r0],A27542,Extended Functional Groups (EFG),Aromatic heterocyclic compounds,Any aromatic cyclic structure with at least one non-carbon atom incorporated,-,-,-,,,26703557,"2015 Salmina, ES"
TA1305,"[OH1][CX3](=[OX1])[CX4]([#1,#6])([#1,#6])[NH2,$([NH1]([#6])[#6])&!$([NH1](CC(=O)[OH1])[CX3]=[OX1,SX1])]",A12075,Extended Functional Groups (EFG),?-Aminoacids,"R1, R2 = H, alkyl, aryl",-,-,-,,"R1, R2 = H, any carbon atom",-,2005 CheckMol
TA1306,"[OH1][CX3](=[OX1])[CX4]([OH1])[#1,#6]",A12075,Extended Functional Groups (EFG),?-Hydroxyacids,"R = H, alkyl, aryl",-,-,-,,"R = H, any carbon atom",-,2005 CheckMol
TA1307,"[NX3]([#1,#6&!$([CX3]=[OX1,SX1,NX2,C])])([#1,#6&!$([CX3]=[OX1,SX1,NX2,C])])[CX4][CX4][NX3]([#1,#6&!$([CX3]=[OX1,SX1,NX2,C])])([#1,#6&!$([CX3]=[OX1,SX1,NX2,C])])",A27542,Extended Functional Groups (EFG),"1,2-Diamines","R1, R2, R3, R4 = H , any carbon atom; R5, R6, R7, R8 = H, any carbon atom except Csp2 in amide and thioamide  groups",-,-,-,,,26703557,"2015 Salmina, ES"
TA1308,"[CX4]([SH1])([#1,#6])([#1,#6])[CX4]([SH1])([#1,#6])([#1,#6])",A27542,Extended Functional Groups (EFG),"1,2-Dithiols","R1, R2, R3, R4 = H , any carbon atom",-,-,-,,,26703557,"2015 Salmina, ES"
TA1309,"[SH1][CX4][CX4][NX3]([#1,#6&!$([CX3]=[OX1,SX1,NX2,C])])([#1,#6&!$([CX3]=[OX1,SX1,NX2,C])])",A27542,Extended Functional Groups (EFG),"1,2-Aminothiols","R1, R2, R3, R4 = H , any carbon atom; R5, R6 = H, any carbon atom except Csp2 in amide and thioamide  groups",-,-,-,,,26703557,"2015 Salmina, ES"
TA1310,"[OH1][CX3](=[OX1])[CX3](=[OX1])[#1,#6]",A27542,Extended Functional Groups (EFG),?-Oxoacids,"R = H, any carbon atom",-,-,-,,,26703557,"2015 Salmina, ES"
TA1311,[OH1][CX3](=[OX1])[CX3]=[CX3],A27542,Extended Functional Groups (EFG),"?, ?-Unsaturated carboxylic acids","R1, R2, R3 = H, any carbon atom",-,-,-,,,26703557,"2015 Salmina, ES"
TA1312,"[$(c([SH1])c([SH1])),$(c([SH1])[aR1]c([SH1])),$(c1([SH1])aac([SH1])aa1)]",A27542,Extended Functional Groups (EFG),Dithiophenols,"Any aromatic or heteroaromatic ring with two SH substituents in ortho-, meta- or para-positions to each other",-,-,-,,,26703557,"2015 Salmina, ES"
TA1313,"[$(c([OH1])c[NX3]([#1,#6])[#1,#6]),$(c([OH1])[aR1]c[NX3]([#1,#6])[#1,#6]),$(c1([OH1])aac([NX3]([#1,#6])[#1,#6])aa1)]",A27542,Extended Functional Groups (EFG),Aminophenols,"Any aromatic or heteroaromatic ring with amino group in ortho-, meta- or para-positions to OH group; R1, R2 = H, any carbon atom",-,-,-,,,26703557,"2015 Salmina, ES"
TA1314,"[$(c([SH1])c[NX3]([#1,#6])[#1,#6]),$(c([SH1])[aR1]c[NX3]([#1,#6])[#1,#6]),$(c1([SH1])aac([NX3]([#1,#6])[#1,#6])aa1)]",A27542,Extended Functional Groups (EFG),Aminothiophenols,"Any aromatic or heteroaromatic ring with amino group in ortho-, meta- or para-positions to SH group; R1, R2 = H, any carbon atom",-,-,-,,,26703557,"2015 Salmina, ES"
TA1315,"a[F,Cl,Br,I]",A12075,Extended Functional Groups (EFG),Aryl halides,R  = aryl,-,-,-,,,-,2005 CheckMol
TA1316,"[CX4][F,Cl,Br,I] AND NOT [$([CX4]([F,Cl,Br,I])[CX3]=[CX3]),$([CX4]([F,Cl,Br,I])[CX2]#[CX2]),$([CX4]([F,Cl,Br,I])a)]",A12075,Extended Functional Groups (EFG),Alkyl halides,R = alkyl,-,-,-,,,-,2005 CheckMol
TA1317,"[NX3H2][c,CX4&!$([CX4]([NH2])[O,N,S,P])]",A12075,Extended Functional Groups (EFG),Primary amines,"R = alkyl, aryl",-,-,-,,,-,2005 CheckMol
TA1318,"[NX3H1]([c,CX4&!$([CX4]([NX3H1])[O,S,N,P])])[c,CX4&!$([CX4]([NX3H1])[O,S,N,P])]",A12075,Extended Functional Groups (EFG),Secondary amines,"R = alkyl, aryl",-,-,-,,,-,2005 CheckMol
TA1319,"[NX3]([c,CX4&!$([CX4]([NX3])[O,S,N,P])])([c,CX4&!$([CX4]([NX3])[O,S,N,P])])[c,CX4&!$([CX4]([NX3])[O,S,N,P])]",A12075,Extended Functional Groups (EFG),Tertiary amines,"R = alkyl, aryl",-,-,-,,,-,2005 CheckMol
TA1320,"[$([#6&!$([CX3]=[OX1,SX1,NX2])][OX2,SX2][CX3](=[SX1])[OX2,SX2][#1,#6&!$([CX3]=[OX1,SX1,NX2])]),$([#6&!$([CX3]=[OX1,SX1,NX2])][SX2][CX3](=[OX1])[OX2,SX2][#1,#6&!$([CX3]=[OX1,SX1,NX2])]),$([#6&!$([CX3]=[OX1,SX1,NX2])][OX2,SX2][CX3](=[OX1])[SH1])]",A27542,Extended Functional Groups (EFG),Thiocarbonic acid esters,"R1 = alkyl, aryl; R2 = H, alkyl, aryl",-,-,-,,,26703557,"2015 Salmina, ES"
TA1321,[#6X3](=[OX1])[#8X2][#6X3](=[OX1]),A27542,Extended Functional Groups (EFG),Acid anhydrides,"R1, R2 = any atom/ group",-,-,-,,-,26703557,"2015 Salmina, ES"
TA1323,[CX3]=[CX3][CX3]=[CX3],A27542,Extended Functional Groups (EFG),"Conjugated alkadienes (1,3-alkadienes)","R1, R2, R3, R4, R5, R6 = any atom/ group",-,-,-,,,26703557,"2015 Salmina, ES"
TA1324,[CX3]=[CX3][CX4][CX3]=[CX3],A27542,Extended Functional Groups (EFG),"Unconjugated alkadienes (1,4-alkadienes)","R1, R2, R3, R4, R5, R6, R7, R8 = any atom/ group",-,-,-,,,26703557,"2015 Salmina, ES"
TA1325,"[F,Cl,Br,I][CX3]=[CX3]",A27542,Extended Functional Groups (EFG),Vinyl halides,"R1, R2, R3 = any atom/ group; X = F, Cl, Br, I",-,-,-,,,26703557,"2015 Salmina, ES"
TA1326,"[CX4]([F,Cl,Br,I])([F,Cl,Br,I])([F,Cl,Br,I]) AND NOT [CX4]([F,Cl,Br,I])([F,Cl,Br,I])([F,Cl,Br,I])([F,Cl,Br,I])",A27542,Extended Functional Groups (EFG),Gem-trihalides,"R = any atom/ group except halogen atoms; X = F, Cl, Br, I",-,-,-,,,26703557,"2015 Salmina, ES"
TA1327,"[F,Cl,Br,I][CX2]#[CX2]",A27542,Extended Functional Groups (EFG),Alkynyl halides,"R = any atom/ group; X = F, Cl, Br, I",-,-,-,,,26703557,"2015 Salmina, ES"
TA1328,"a[CX4][F,Cl,Br,I]",A27542,Extended Functional Groups (EFG),Benzyl halides,"R1, R2 = any atom/ group; X = F, Cl, Br, I; A = any aromatic atom",-,-,-,,,26703557,"2015 Salmina, ES"
TA1329,a[CX4]F,A27542,Extended Functional Groups (EFG),Benzyl  fluorides,"R1, R2 = any atom/ group; A = any aromatic atom",-,-,-,,,26703557,"2015 Salmina, ES"
TA1330,a[CX4]Cl,A27542,Extended Functional Groups (EFG),Benzyl  chlorides,"R1, R2 = any atom/ group; A = any aromatic atom",-,-,-,,,26703557,"2015 Salmina, ES"
TA1331,a[CX4]Br,A27542,Extended Functional Groups (EFG),Benzyl bromides,"R1, R2 = any atom/ group; A = any aromatic atom",-,-,-,,,26703557,"2015 Salmina, ES"
TA1332,a[CX4]I,A27542,Extended Functional Groups (EFG),Benzyl iodides,"R1, R2 = any atom/ group; A = any aromatic atom",-,-,-,,,26703557,"2015 Salmina, ES"
TA1333,"[#3,#11,#19,#37,#55,#87]",A27542,Extended Functional Groups (EFG),Alkali metals,,-,-,-,,,26703557,"2015 Salmina, ES"
TA1334,"[#4,#12,#20,#38,#56,#88]",A27542,Extended Functional Groups (EFG),Alkaline earth metals,,-,-,-,,,26703557,"2015 Salmina, ES"
TA1335,"[#21,#22,#23,#24,#25,#26,#27,#28,#29,#30,#39,#40,#41,#42,#43,#44,#45,#46,#47,#48,#72,#73,#74,#75,#76,#77,#78,#79,#80,#104,#105,#106,#107,#108,#109,#110,#111,#112]",A27542,Extended Functional Groups (EFG),Transition metals,,-,-,-,,,26703557,"2015 Salmina, ES"
TA1336,"[#57,#58,#59,#60,#61,#62,#63,#64,#65,#66,#67,#68,#69,#70,#71]",A27542,Extended Functional Groups (EFG),Lanthanoids,,-,-,-,,,26703557,"2015 Salmina, ES"
TA1337,"[#89,#90,#91,#92,#93,#94,#95,#96,#97,#98,#99,#100,#101,#102,#103]",A27542,Extended Functional Groups (EFG),Actinoids,,-,-,-,,,26703557,"2015 Salmina, ES"
TA1338,"[#13,#31,#49,#50,#81,#82,#83,#113,#114,#115,#116]",A27542,Extended Functional Groups (EFG),Post-transition metals,,-,-,-,,,26703557,"2015 Salmina, ES"
TA1339,"[#5,#14,#32,#33,#51,#52,#84]",A27542,Extended Functional Groups (EFG),Metalloids,,-,-,-,,,26703557,"2015 Salmina, ES"
TA1340,"[#1,#6,#7,#8,#15,#16,#34,#9,#17,#35,#53,#85,#117,#2,#10,#18,#36,#54,#86,#118]",A27542,Extended Functional Groups (EFG),Nonmetals,,-,-,-,,,26703557,"2015 Salmina, ES"
TA1341,"[#9,#17,#35,#53,#85,#117]",A27542,Extended Functional Groups (EFG),Halogens,,-,-,-,,,26703557,"2015 Salmina, ES"
TA1342,"[#2,#10,#18,#36,#54,#86,#118]",A27542,Extended Functional Groups (EFG),Noble gases,,-,-,-,,,26703557,"2015 Salmina, ES"
TA1343,"[#8,#16,#34,#52,#84,#116]",A27542,Extended Functional Groups (EFG),Chalcogens (oxygen group),,-,-,-,,,26703557,"2015 Salmina, ES"
TA1344,"[#7,#15,#33,#51,#83]",A27542,Extended Functional Groups (EFG),Pnictogens (nitrogen group),,-,-,-,,,26703557,"2015 Salmina, ES"
TA1345,"[#6,#14,#32,#50,#8,#114]",A27542,Extended Functional Groups (EFG),Tetragens (carbon group),,-,-,-,,,26703557,"2015 Salmina, ES"
TA1346,"[CX3]([#1,#6])([#1,#6])=[CX3]([SX2][#6&!$([CX3]([OX2])=[OX1,SX1,NX2,C])])[#1,#6]",A27542,Extended Functional Groups (EFG),Thioenolethers,"R1, R2, R3 = H, acyl, alkyl, aryl; R4 = alkyl, aryl",-,-,-,,,26703557,"2015 Salmina, ES"
TA1347,"[CX3]([#1,#6])([#1,#6])=[CX3]([SH1])[#1,#6]",A27542,Extended Functional Groups (EFG),Thioenols,"R1, R2, R3 = H, acyl, alkyl, aryl",-,-,-,,,26703557,"2015 Salmina, ES"
TA1348,"[CX3]([#1,#6])([SH1])=[CX3]([#1,#6])([SH1])",A27542,Extended Functional Groups (EFG),Enethiodiols,"R1, R2 = H, alkyl, aryl",-,-,-,,,26703557,"2015 Salmina, ES"
TA1349,[CX2]#[CX2][OH1],A27542,Extended Functional Groups (EFG),Alkynyl alcohols,R = any atom/ group,-,-,-,,,26703557,"2015 Salmina, ES"
TA1350,[CX2]#[CX2][SH1],A27542,Extended Functional Groups (EFG),Alkynyl thiols,R = any atom/ group,-,-,-,,,26703557,"2015 Salmina, ES"
TA1351,"[$([#6X3]1=,:[#6X3]-,:[#6X3](=[OX1])-,:[#6X3]=,:[#6X3]-,:[#6X3]1(=[OX1])),$([#6X3]1(=[OX1])-,:[#6X3](=[OX1])-,:[#6X3]=,:[#6X3]-,:[#6X3]=,:[#6X3]1)]",A27542,Extended Functional Groups (EFG),Quinones,,-,-,-,,,26703557,"2015 Salmina, ES"
TA1352,"[$([#6X3]1=,:[#6X3]-,:[#6X3](=[SX1])-,:[#6X3]=,:[#6X3]-,:[#6X3]1(=[OX1])),$([#6X3]1(=[OX1])-,:[#6X3](=[OX1,SX1])-,:[#6X3]=,:[#6X3]-,:[#6X3]=,:[#6X3]1)]",A27542,Extended Functional Groups (EFG),Thioquinones,,-,-,-,,,26703557,"2015 Salmina, ES"
TA2400,[!#6!#1;R1]1~[*R1]~[*R1]~1,A27542,Extended Functional Groups (EFG),Three-membered heterocycles,A = any atom except carbon; A1 = any atom; a dashed line indicates any type of covalent bonds,-,-,-,High specificity (HS) pattern matches chemicals that include exact heterocyclic moiety as in the depiction (fusion with other ring(s) are not allowed),,26703557,"2015 Salmina, ES"
TA2401,[!#6!#1;R1]1~[#6&R1]~[#6&R1]~1,A27542,Extended Functional Groups (EFG),Three-membered heterocycles with one heteroatom,A = any atom except carbon; a dashed line indicates any type of covalent bonds,-,-,-,High specificity (HS) pattern matches chemicals that include exact heterocyclic moiety as in the depiction (fusion with other ring(s) are not allowed),,26703557,"2015 Salmina, ES"
TA2402,[!#6!#1;R1]1-[#6&R1]-[#6&R1]-1,A27542,Extended Functional Groups (EFG),Saturated three-membered heterocycles with one heteroatom,A = any atom except carbon,-,-,-,High specificity (HS) pattern matches chemicals that include exact heterocyclic moiety as in the depiction (fusion with other ring(s) are not allowed),,26703557,"2015 Salmina, ES"
TA2403,[#7R1]1-[#6R1]-[#6R1]-1,A27542,Extended Functional Groups (EFG),Aziridines,,-,-,-,High specificity (HS) pattern matches chemicals that include exact heterocyclic moiety as in the depiction (fusion with other ring(s) are not allowed),,26703557,"2015 Salmina, ES"
TA2404,[#8R1]1-[#6R1]-[#6R1]-1,A27542,Extended Functional Groups (EFG),Oxiranes,,-,-,-,High specificity (HS) pattern matches chemicals that include exact heterocyclic moiety as in the depiction (fusion with other ring(s) are not allowed),,26703557,"2015 Salmina, ES"
TA2405,[#16X2R1]1-[#6R1]-[#6R1]-1,A27542,Extended Functional Groups (EFG),Thiiranes,,-,-,-,High specificity (HS) pattern matches chemicals that include exact heterocyclic moiety as in the depiction (fusion with other ring(s) are not allowed),,26703557,"2015 Salmina, ES"
TA2406,"[$([!#1!#6;R1]1~[#6R1]=[#6R1]~1),$([!#1!#6;R1]1=[#6R1]~[#6R1]~1)]",A27542,Extended Functional Groups (EFG),Unsaturated three-membered heterocycles with one heteroatom,A = any atom except carbon; a dashed line indicates any type of covalent bonds,-,-,-,High specificity (HS) pattern matches chemicals that include exact heterocyclic moiety as in the depiction (fusion with other ring(s) are not allowed),,26703557,"2015 Salmina, ES"
TA2407,"[$([#7R1]1-[#6R1]=[#6R1]-1),$([#7R1]1=[#6R1]-[#6R1]-1)]",A27542,Extended Functional Groups (EFG),Azirines,,-,-,-,High specificity (HS) pattern matches chemicals that include exact heterocyclic moiety as in the depiction (fusion with other ring(s) are not allowed),,26703557,"2015 Salmina, ES"
TA2408,[#7R1]1-[#6R1]=[#6R1]-1,A27542,Extended Functional Groups (EFG),1H-Azirines,,-,-,-,High specificity (HS) pattern matches chemicals that include exact heterocyclic moiety as in the depiction (fusion with other ring(s) are not allowed),,26703557,"2015 Salmina, ES"
TA2409,[#7R1]1=[#6R1]-[#6R1]-1,A27542,Extended Functional Groups (EFG),2H-Azirines,,-,-,-,High specificity (HS) pattern matches chemicals that include exact heterocyclic moiety as in the depiction (fusion with other ring(s) are not allowed),,26703557,"2015 Salmina, ES"
TA2410,[#8R1]1-[#6R1]=[#6R1]-1,A27542,Extended Functional Groups (EFG),Oxirenes,,-,-,-,High specificity (HS) pattern matches chemicals that include exact heterocyclic moiety as in the depiction (fusion with other ring(s) are not allowed),,26703557,"2015 Salmina, ES"
TA2411,[#16X2R1]1-[#6R1]=[#6R1]-1,A27542,Extended Functional Groups (EFG),Thiirenes,,-,-,-,High specificity (HS) pattern matches chemicals that include exact heterocyclic moiety as in the depiction (fusion with other ring(s) are not allowed),,26703557,"2015 Salmina, ES"
TA2412,[!#6!#1;R1]1~[!#6!#1;R1]~[#6R1]~1,A27542,Extended Functional Groups (EFG),Three-membered heterocycles with two heteroatoms,A = any atom except carbon; a dashed line indicates any type of covalent bonds,-,-,-,High specificity (HS) pattern matches chemicals that include exact heterocyclic moiety as in the depiction (fusion with other ring(s) are not allowed),,26703557,"2015 Salmina, ES"
TA2413,[!#6!#1;R1]1-[!#6!#1;R1]-[#6R1]-1,A27542,Extended Functional Groups (EFG),Saturated three-membered heterocycles with two heteroatoms,A = any atom except carbon,-,-,-,High specificity (HS) pattern matches chemicals that include exact heterocyclic moiety as in the depiction (fusion with other ring(s) are not allowed),,26703557,"2015 Salmina, ES"
TA2414,[#7R1]1-[#7R1]-[#6R1]-1,A27542,Extended Functional Groups (EFG),Diaziridines,,-,-,-,High specificity (HS) pattern matches chemicals that include exact heterocyclic moiety as in the depiction (fusion with other ring(s) are not allowed),,26703557,"2015 Salmina, ES"
TA2415,[#8R1]1-[#8R1]-[#6R1]-1,A27542,Extended Functional Groups (EFG),Dioxiranes,,-,-,-,High specificity (HS) pattern matches chemicals that include exact heterocyclic moiety as in the depiction (fusion with other ring(s) are not allowed),,26703557,"2015 Salmina, ES"
TA2416,[#8R1]1-[#7R1]-[#6R1]-1,A27542,Extended Functional Groups (EFG),Oxaziridines,,-,-,-,High specificity (HS) pattern matches chemicals that include exact heterocyclic moiety as in the depiction (fusion with other ring(s) are not allowed),,26703557,"2015 Salmina, ES"
TA2417,[#16X2R1]1-[#7R1]-[#6R1]-1,A27542,Extended Functional Groups (EFG),Thiaziridines,,-,-,-,High specificity (HS) pattern matches chemicals that include exact heterocyclic moiety as in the depiction (fusion with other ring(s) are not allowed),,26703557,"2015 Salmina, ES"
TA2418,"[$([!#1!#6;R1]1=[!#1!#6;R1]~[#6R1]~1),$([!#1!#6;R1]1~[!#6!#1;R1]=[#6R1]~1)]",A27542,Extended Functional Groups (EFG),Unsaturated three-membered heterocycles with two heteroatoms,A = any atom except carbon; a dashed line indicates any type of covalent bonds,-,-,-,High specificity (HS) pattern matches chemicals that include exact heterocyclic moiety as in the depiction (fusion with other ring(s) are not allowed),,26703557,"2015 Salmina, ES"
TA2419,[#7R1]1-[#7R1]=[#6R1]-1,A27542,Extended Functional Groups (EFG),1H-Diazirenes,,-,-,-,"High specificity (HS) pattern matches chemicals that include exact heterocyclic moiety as in the depiction (fusion with other ring(s) are not allowed)
",,26703557,"2015 Salmina, ES"
TA2420,[#7R1]1=[#7R1]-[#6R1]-1,A27542,Extended Functional Groups (EFG),3H-Diazirenes,,-,-,-,"High specificity (HS) pattern matches chemicals that include exact heterocyclic moiety as in the depiction (fusion with other ring(s) are not allowed)
",,26703557,"2015 Salmina, ES"
TA2421,[#7R1]1=[#6R1]-[#8R1]-1,A27542,Extended Functional Groups (EFG),Oxazirenes,,-,-,-,"High specificity (HS) pattern matches chemicals that include exact heterocyclic moiety as in the depiction (fusion with other ring(s) are not allowed)
",,26703557,"2015 Salmina, ES"
TA2422,[#7R1]1=[#6R1]-[#16X2R1]-1,A27542,Extended Functional Groups (EFG),Thiazerenes,,-,-,-,"High specificity (HS) pattern matches chemicals that include exact heterocyclic moiety as in the depiction (fusion with other ring(s) are not allowed)
",,26703557,"2015 Salmina, ES"
TA2423,[!#6!#1;R1]1~[!#6!#1;R1]~[!#6!#1;R1]~1,A27542,Extended Functional Groups (EFG),Three-membered heterocycles with three heteroatoms,A = any atom except carbon; a dashed line indicates any type of covalent bonds,-,-,-,High specificity (HS) pattern matches chemicals that include exact heterocyclic moiety as in the depiction (fusion with other ring(s) are not allowed),,26703557,"2015 Salmina, ES"
TA2424,[!#6!#1;R1]1-[!#6!#1;R1]-[!#6!#1;R1]-1,A27542,Extended Functional Groups (EFG),Saturated three-membered heterocycles with three heteroatoms,A = any atom except carbon,-,-,-,High specificity (HS) pattern matches chemicals that include exact heterocyclic moiety as in the depiction (fusion with other ring(s) are not allowed),,26703557,"2015 Salmina, ES"
TA2425,[#7R1]1-[#7R1]-[#7R1]-1,A27542,Extended Functional Groups (EFG),Triaziridines,,-,-,-,"High specificity (HS) pattern matches chemicals that include exact heterocyclic moiety as in the depiction (fusion with other ring(s) are not allowed)
",,26703557,"2015 Salmina, ES"
TA2426,[#8R1]1-[#8R1]-[#8R1]-1,A27542,Extended Functional Groups (EFG),Trioxiranes,,-,-,-,"High specificity (HS) pattern matches chemicals that include exact heterocyclic moiety as in the depiction (fusion with other ring(s) are not allowed)
",,26703557,"2015 Salmina, ES"
TA2427,[#16X2R1]1-[#16X2R1]-[#16X2R1]1,A27542,Extended Functional Groups (EFG),Trithiiranes,,-,-,-,"High specificity (HS) pattern matches chemicals that include exact heterocyclic moiety as in the depiction (fusion with other ring(s) are not allowed)
",,26703557,"2015 Salmina, ES"
TA2428,[#8R1]1-[#7R1]-[#7R1]1,A27542,Extended Functional Groups (EFG),Oxadiaziridines,,-,-,-,"High specificity (HS) pattern matches chemicals that include exact heterocyclic moiety as in the depiction (fusion with other ring(s) are not allowed)
",,26703557,"2015 Salmina, ES"
TA2429,[#8R1]1-[#8R1]-[#7R1]1,A27542,Extended Functional Groups (EFG),Dioxaziridines,,-,-,-,"High specificity (HS) pattern matches chemicals that include exact heterocyclic moiety as in the depiction (fusion with other ring(s) are not allowed)
",,26703557,"2015 Salmina, ES"
TA2430,[#16X2R1]1-[#7R1]-[#7R1]1,A27542,Extended Functional Groups (EFG),Thiodiaziridines,,-,-,-,"High specificity (HS) pattern matches chemicals that include exact heterocyclic moiety as in the depiction (fusion with other ring(s) are not allowed)
",,26703557,"2015 Salmina, ES"
TA2431,[#16X2R1]1-[#16X2R1]-[#7R1]1,A27542,Extended Functional Groups (EFG),Dithiaziridines,,-,-,-,"High specificity (HS) pattern matches chemicals that include exact heterocyclic moiety as in the depiction (fusion with other ring(s) are not allowed)
",,26703557,"2015 Salmina, ES"
TA2432,[!#1!#6;R1]1-[!#6!#1;R1]=[!#6!#1;R1]1,A27542,Extended Functional Groups (EFG),Unsaturated three-membered heterocycles with three heteroatoms,A = any atom except carbon; a dashed line indicates any type of covalent bonds,-,-,-,High specificity (HS) pattern matches chemicals that include exact heterocyclic moiety as in the depiction (fusion with other ring(s) are not allowed),,26703557,"2015 Salmina, ES"
TA2433,[#7R1]1-[#7R1]=[#7R1]1,A27542,Extended Functional Groups (EFG),1H-Triazirene,,-,-,-,"High specificity (HS) pattern matches chemicals that include exact heterocyclic moiety as in the depiction (fusion with other ring(s) are not allowed)
",,26703557,"2015 Salmina, ES"
TA2434,[#7R1]1=[#7R1]-[#8R1]1,A27542,Extended Functional Groups (EFG),Oxadiazirenes,,-,-,-,"High specificity (HS) pattern matches chemicals that include exact heterocyclic moiety as in the depiction (fusion with other ring(s) are not allowed)
",,26703557,"2015 Salmina, ES"
TA2435,[#7R1]1=[#7R1]-[#16X2R1]1,A27542,Extended Functional Groups (EFG),Thiodiazirenes,,-,-,-,"High specificity (HS) pattern matches chemicals that include exact heterocyclic moiety as in the depiction (fusion with other ring(s) are not allowed)
",,26703557,"2015 Salmina, ES"
TA2449,[!#6!#1;R1]1~[*R1]~[*R1]~[*R1]~1,A27542,Extended Functional Groups (EFG),Four-membered heterocycles,A = any atom except carbon; A1 = any atom; a dashed line indicates any type of covalent bonds,-,-,-,,,26703557,"2015 Salmina, ES"
TA2450,[!#6!#1;R1]1~[#6R1]~[#6R1]~[#6R1]~1,A27542,Extended Functional Groups (EFG),Four-membered heterocycles with one heteroatom,A = any atom except carbon; a dashed line indicates any type of covalent bonds,-,-,-,High specificity (HS) pattern matches chemicals that include exact heterocyclic moiety as in the depiction (fusion with other ring(s) are not allowed),,26703557,"2015 Salmina, ES"
TA2451,[!#6!#1;R1]1-[#6R1]-[#6R1]-[#6R1]-1,A27542,Extended Functional Groups (EFG),Saturated four-membered heterocycles with one heteroatom,A = any atom except carbon,-,-,-,"High specificity (HS) pattern matches chemicals that include exact heterocyclic moiety as in the depiction (fusion with other ring(s) are not allowed)
",,26703557,"2015 Salmina, ES"
TA2452,[#7R1]1-[#6R1]-[#6R1]-[#6R1]-1,A27542,Extended Functional Groups (EFG),Azetidines,,-,-,-,High specificity (HS) pattern matches chemicals that include exact heterocyclic moiety as in the depiction (fusion with other ring(s) are not allowed),,26703557,"2015 Salmina, ES"
TA2453,[#8R1]1-[#6R1]-[#6R1]-[#6R1]-1,A27542,Extended Functional Groups (EFG),Oxetanes,,-,-,-,High specificity (HS) pattern matches chemicals that include exact heterocyclic moiety as in the depiction (fusion with other ring(s) are not allowed),,26703557,"2015 Salmina, ES"
TA2454,[#16X2R1]1-[#6R1]-[#6R1]-[#6R1]-1,A27542,Extended Functional Groups (EFG),Thietanes,,-,-,-,High specificity (HS) pattern matches chemicals that include exact heterocyclic moiety as in the depiction (fusion with other ring(s) are not allowed),,26703557,"2015 Salmina, ES"
TA2455,"[$([!#6!#1;R1]1=[#6R1]~[#6R1]~[#6R1]~1),$([!#6!#1;R1]1~[#6R1]=[#6R1]~[#6R1]~1)]",A27542,Extended Functional Groups (EFG),Unsaturated four-membered heterocycles with one heteroatom,A = any atom except carbon; a dashed line indicates any type of covalent bonds,-,-,-,High specificity (HS) pattern matches chemicals that include exact heterocyclic moiety as in the depiction (fusion with other ring(s) are not allowed),,26703557,"2015 Salmina, ES"
TA2456,"[$([#7R1]1=[#6R1]-[#6R1]-[#6R1]-1),$([#7R1]1-[#6R1]=[#6R1]-[#6R1]-1)]",A27542,Extended Functional Groups (EFG),Azetines,,-,-,-,"High specificity (HS) pattern matches chemicals that include exact heterocyclic moiety as in the depiction (fusion with other ring(s) are not allowed)
",,26703557,"2015 Salmina, ES"
TA2457,[#7R1]1=[#6R1]-[#6R1]-[#6R1]-1,A27542,Extended Functional Groups (EFG),1-Azetines,,-,-,-,High specificity (HS) pattern matches chemicals that include exact heterocyclic moiety as in the depiction (fusion with other ring(s) are not allowed),,26703557,"2015 Salmina, ES"
TA2458,[#7R1]1-[#6R1]=[#6R1]-[#6R1]-1,A27542,Extended Functional Groups (EFG),2-Azetines,,-,-,-,High specificity (HS) pattern matches chemicals that include exact heterocyclic moiety as in the depiction (fusion with other ring(s) are not allowed),,26703557,"2015 Salmina, ES"
TA2459,[#7R1]1=[#6R1][#6R1]=[#6R1]1,A27542,Extended Functional Groups (EFG),Azetes,,-,-,-,High specificity (HS) pattern matches chemicals that include exact heterocyclic moiety as in the depiction (fusion with other ring(s) are not allowed),,26703557,"2015 Salmina, ES"
TA2460,[#8R1]1[#6R1]=[#6R1][#6R1]1,A27542,Extended Functional Groups (EFG),Oxetenes,,-,-,-,High specificity (HS) pattern matches chemicals that include exact heterocyclic moiety as in the depiction (fusion with other ring(s) are not allowed),,26703557,"2015 Salmina, ES"
TA2461,[#16X2R1]1[#6R1]=[#6R1][#6R1]1,A27542,Extended Functional Groups (EFG),Thietenes,,-,-,-,High specificity (HS) pattern matches chemicals that include exact heterocyclic moiety as in the depiction (fusion with other ring(s) are not allowed),,26703557,"2015 Salmina, ES"
TA2462,"[$([!#6!#1;R1]1~[!#6!#1;R1]~[#6R1]~[#6R1]~1),$([!#6!#1;R1]1~[#6R1]~[!#6!#1;R1]~[#6R1]~1)]",A27542,Extended Functional Groups (EFG),Four-membered heterocycles with two heteroatoms,A = any atom except carbon; a dashed line indicates any type of covalent bonds,-,-,-,High specificity (HS) pattern matches chemicals that include exact heterocyclic moiety as in the depiction (fusion with other ring(s) are not allowed),,26703557,"2015 Salmina, ES"
TA2463,"[$([!#6!#1;R1]1-[!#6!#1;R1]-[#6R1]-[#6R1]-1),$([!#6!#1;R1]1-[#6R1]-[!#6!#1;R1]-[#6R1]-1)]",A27542,Extended Functional Groups (EFG),Saturated four-membered heterocycles with two heteroatoms,A = any atom except carbon,-,-,-,High specificity (HS) pattern matches chemicals that include exact heterocyclic moiety as in the depiction (fusion with other ring(s) are not allowed),,26703557,"2015 Salmina, ES"
TA2464,"[$([NR1]1[CR1][CR1][NR1]1),$([NR1]1[CR1][NR1][CR1]1)]",A27542,Extended Functional Groups (EFG),Diazetidines,,-,-,-,"High specificity (HS) pattern matches chemicals that include exact heterocyclic moiety as in the depiction (fusion with other ring(s) are not allowed)
",,26703557,"2015 Salmina, ES"
TA2465,[NR1]1[CR1][CR1][NR1]1,A27542,Extended Functional Groups (EFG),"1,2-Diazetidines",,-,-,-,"High specificity (HS) pattern matches chemicals that include exact heterocyclic moiety as in the depiction (fusion with other ring(s) are not allowed)
",,26703557,"2015 Salmina, ES"
TA2466,[NR1]1[CR1][NR1][CR1]1,A27542,Extended Functional Groups (EFG),"1,3-Diazetidines",,-,-,-,"High specificity (HS) pattern matches chemicals that include exact heterocyclic moiety as in the depiction (fusion with other ring(s) are not allowed)
",,26703557,"2015 Salmina, ES"
TA2467,"[$([OR1]1[OR1][CR1][CR1]1),$([OR1]1[CR1][OR1][CR1]1)]",A27542,Extended Functional Groups (EFG),Dioxetanes,,-,-,-,"High specificity (HS) pattern matches chemicals that include exact heterocyclic moiety as in the depiction (fusion with other ring(s) are not allowed)
",,26703557,"2015 Salmina, ES"
TA2468,[OR1]1[OR1][CR1][CR1]1,A27542,Extended Functional Groups (EFG),"1,2-Dioxetanes",,-,-,-,High specificity (HS) pattern matches chemicals that include exact heterocyclic moiety as in the depiction (fusion with other ring(s) are not allowed),,26703557,"2015 Salmina, ES"
TA2469,[OR1]1[CR1][OR1][CR1]1,A27542,Extended Functional Groups (EFG),"1,3-Dioxetanes",,-,-,-,High specificity (HS) pattern matches chemicals that include exact heterocyclic moiety as in the depiction (fusion with other ring(s) are not allowed),,26703557,"2015 Salmina, ES"
TA2470,"[$([SX2R1]1[SX2R1][CR1][CR1]1),$([SX2R1]1[CR1][SX2R1][CR1]1)]",A27542,Extended Functional Groups (EFG),Dithietanes,,-,-,-,High specificity (HS) pattern matches chemicals that include exact heterocyclic moiety as in the depiction (fusion with other ring(s) are not allowed),,26703557,"2015 Salmina, ES"
TA2471,[SX2R1]1[SX2R1][CR1][CR1]1,A27542,Extended Functional Groups (EFG),"1,2-Dithietanes",,-,-,-,High specificity (HS) pattern matches chemicals that include exact heterocyclic moiety as in the depiction (fusion with other ring(s) are not allowed),,26703557,"2015 Salmina, ES"
TA2472,[SX2R1]1[CR1][SX2R1][CR1]1,A27542,Extended Functional Groups (EFG),"1,3-Dithietanes",,-,-,-,High specificity (HS) pattern matches chemicals that include exact heterocyclic moiety as in the depiction (fusion with other ring(s) are not allowed),,26703557,"2015 Salmina, ES"
TA2473,"[$([!#6!#1;R1]1=[!#6!#1;R1]~[#6R1]~[#6R1]~1),$([!#6!#1;R1]1~[!#6!#1;R1]=[#6R1]~[#6R1]~1),$([!#6!#1;R1]1~[!#6!#1;R1]~[#6R1]=[#6R1]~1),$([!#6!#1;R1]1=[#6R1]~[!#6!#1;R1]~[#6R1]~1)]",A27542,Extended Functional Groups (EFG),Unsaturated four-membered heterocycles with two heteroatoms,A = any atom except carbon; a dashed line indicates any type of covalent bonds,-,-,-,High specificity (HS) pattern matches chemicals that include exact heterocyclic moiety as in the depiction (fusion with other ring(s) are not allowed),,26703557,"2015 Salmina, ES"
TA2474,"[$([#7]1=,:[#7]-,:[#6]-,=,:[#6]-,:1),$([#7]1-,:[#7]=,:[#6]-,:[#6]-,=,:1),$([#7]1-,:[#7]-,:[#6]=,:[#6]-,=,:1),$([#7]1=,:[#6]-,:[#7]-,=,:[#6]-,:1)]",A27542,Extended Functional Groups (EFG),Diazetines,,-,-,-,High specificity (HS) pattern matches chemicals that include exact heterocyclic moiety as in the depiction (fusion with other ring(s) are not allowed),,26703557,"2015 Salmina, ES"
TA2475,"[#8R1]1-,:[#8R1]-,:[#6R1]=,:[#6R1]-,:1",A27542,Extended Functional Groups (EFG),Dioxetenes,,-,-,-,High specificity (HS) pattern matches chemicals that include exact heterocyclic moiety as in the depiction (fusion with other ring(s) are not allowed),,26703557,"2015 Salmina, ES"
TA2476,"[#16R1]1-,:[#16R1]-,:[#6R1]=,:[#6R1]-,:1",A27542,Extended Functional Groups (EFG),Dithietenes,,-,-,-,High specificity (HS) pattern matches chemicals that include exact heterocyclic moiety as in the depiction (fusion with other ring(s) are not allowed),,26703557,"2015 Salmina, ES"
TA2483,"[$([#7R1]1-[#7R1]=[#6R1]-1),$([#7R1]1=[#7R1]-[#6R1]-1)]",A27542,Extended Functional Groups (EFG),Diazirenes,,-,-,-,"High specificity (HS) pattern matches chemicals that include exact heterocyclic moiety as in the depiction (fusion with other ring(s) are not allowed)
",,26703557,"2015 Salmina, ES"
TA2507,[!#6!#1;R1]1~[*R1]~[*R1]~[*R1]~[*R1]~1,A27542,Extended Functional Groups (EFG),Five-membered heterocycles,A = any atom except carbon; A1 = any atom; a dashed line indicates any type of covalent bonds,-,-,-,High specificity (HS) pattern matches chemicals that include exact heterocyclic moiety as in the depiction (fusion with other ring(s) are not allowed),-,26703557,"2015 Salmina, ES"
TA2508,[!#6!#1;R1]1~[#6R1]~[#6R1]~[#6R1]~[#6R1]~1,A27542,Extended Functional Groups (EFG),Five-membered heterocycles with one heteroatom,A = any atom except carbon; a dashed line indicates any type of covalent bonds,-,-,-,High specificity (HS) pattern matches chemicals that include exact heterocyclic moiety as in the depiction (fusion with other ring(s) are not allowed),,26703557,"2015 Salmina, ES"
TA2509,[!#6!#1;R1]1[CR1][CR1][CR1][CR1]1,A27542,Extended Functional Groups (EFG),Saturated five-membered heterocycles with one heteroatom,A = any atom except carbon,-,-,-,High specificity (HS) pattern matches chemicals that include exact heterocyclic moiety as in the depiction (fusion with other ring(s) are not allowed),,26703557,"2015 Salmina, ES"
TA2510,[NR1]1[CR1][CR1][CR1][CR1]1,A27542,Extended Functional Groups (EFG),Pyrrolidines,,-,-,-,High specificity (HS) pattern matches chemicals that include exact heterocyclic moiety as in the depiction (fusion with other ring(s) are not allowed),,26703557,"2015 Salmina, ES"
TA2511,[OR1]1[CR1][CR1][CR1][CR1]1,A27542,Extended Functional Groups (EFG),Tetrahydrofurans,,-,-,-,High specificity (HS) pattern matches chemicals that include exact heterocyclic moiety as in the depiction (fusion with other ring(s) are not allowed),,26703557,"2015 Salmina, ES"
TA2512,[SR1]1[CR1][CR1][CR1][CR1]1,A27542,Extended Functional Groups (EFG),Tetrahydrothiophenes,,-,-,-,High specificity (HS) pattern matches chemicals that include exact heterocyclic moiety as in the depiction (fusion with other ring(s) are not allowed),,26703557,"2015 Salmina, ES"
TA2513,"[$([!#6!#1;R1]1=[CR1][CR1][CR1][CR1]1),$([!#6!#1;R1]1[CR1]=[CR1][CR1][CR1]1),$([!#6!#1;R1]1[CR1][CR1]=[CR1][CR1]1),$([!#6!#1;R1]1=[CR1][CR1]=[CR1][CR1]1);!$(n1cccc1)]",A27542,Extended Functional Groups (EFG),Unsaturated five-membered heterocycles with one heteroatom,A = any atom except carbon,-,-,-,High specificity (HS) pattern matches chemicals that include exact heterocyclic moiety as in the depiction (fusion with other ring(s) are not allowed),,26703557,"2015 Salmina, ES"
TA2514,"[$([NR1]1=[CR1][CR1][CR1][CR1]1),$([NR1]1[CR1]=[CR1][CR1][CR1]1),$([NR1]1[CR1][CR1]=[CR1][CR1]1)]",A27542,Extended Functional Groups (EFG),Pyrrolines,,-,-,-,High specificity (HS) pattern matches chemicals that include exact heterocyclic moiety as in the depiction (fusion with other ring(s) are not allowed),,26703557,"2015 Salmina, ES"
TA2515,[NR1]1=[CR1][CR1][CR1][CR1]1,A27542,Extended Functional Groups (EFG),1-Pyrrolines,,-,-,-,High specificity (HS) pattern matches chemicals that include exact heterocyclic moiety as in the depiction (fusion with other ring(s) are not allowed),,26703557,"2015 Salmina, ES"
TA2516,[NR1]1[CR1]=[CR1][CR1][CR1]1,A27542,Extended Functional Groups (EFG),2-Pyrrolines,,-,-,-,High specificity (HS) pattern matches chemicals that include exact heterocyclic moiety as in the depiction (fusion with other ring(s) are not allowed),,26703557,"2015 Salmina, ES"
TA2517,[NR1]1[CR1][CR1]=[CR1][CR1]1,A27542,Extended Functional Groups (EFG),3-Pyrrolines,,-,-,-,High specificity (HS) pattern matches chemicals that include exact heterocyclic moiety as in the depiction (fusion with other ring(s) are not allowed),,26703557,"2015 Salmina, ES"
TA2518,"[$([OR1]1[CR1]=[CR1][CR1][CR1]1),$([OR1]1[CR1][CR1]=[CR1][CR1]1)]",A27542,Extended Functional Groups (EFG),Dihydrofurans,,-,-,-,High specificity (HS) pattern matches chemicals that include exact heterocyclic moiety as in the depiction (fusion with other ring(s) are not allowed),,26703557,"2015 Salmina, ES"
TA2519,[OR1]1[CR1]=[CR1][CR1][CR1]1,A27542,Extended Functional Groups (EFG),"2,3-Dihydrofurans",,-,-,-,High specificity (HS) pattern matches chemicals that include exact heterocyclic moiety as in the depiction (fusion with other ring(s) are not allowed),,26703557,"2015 Salmina, ES"
TA2520,[OR1]1[CR1][CR1]=[CR1][CR1]1,A27542,Extended Functional Groups (EFG),"2,5-Dihydrofurans",,-,-,-,High specificity (HS) pattern matches chemicals that include exact heterocyclic moiety as in the depiction (fusion with other ring(s) are not allowed),,26703557,"2015 Salmina, ES"
TA2521,"[$([SR1]1[CR1]=[CR1][CR1][CR1]1),$([SR1]1[CR1][CR1]=[CR1][CR1]1)]",A27542,Extended Functional Groups (EFG),Dihydrothiophenes,,-,-,-,High specificity (HS) pattern matches chemicals that include exact heterocyclic moiety as in the depiction (fusion with other ring(s) are not allowed),,26703557,"2015 Salmina, ES"
TA2522,[SR1]1[CR1]=[CR1][CR1][CR1]1,A27542,Extended Functional Groups (EFG),"2,3-Dihydrothiophenes",,-,-,-,High specificity (HS) pattern matches chemicals that include exact heterocyclic moiety as in the depiction (fusion with other ring(s) are not allowed),,26703557,"2015 Salmina, ES"
TA2523,[SR1]1[CR1][CR1]=[CR1][CR1]1,A27542,Extended Functional Groups (EFG),"2,5-Dihydrothiophenes",,-,-,-,High specificity (HS) pattern matches chemicals that include exact heterocyclic moiety as in the depiction (fusion with other ring(s) are not allowed),,26703557,"2015 Salmina, ES"
TA2524,[a!#6;R1]1[cR1][cR1][cR1][cR1]1,A27542,Extended Functional Groups (EFG),Aromatic five-membered heterocycles with one heteroatom,A = any aromatic atom except carbon,-,-,-,High specificity (HS) pattern matches chemicals that include exact heterocyclic moiety as in the depiction (fusion with other ring(s) are not allowed),,26703557,"2015 Salmina, ES"
TA2525,[nR1]1[cR1][cR1][cR1][cR1]1,A27542,Extended Functional Groups (EFG),Pyrroles,,-,-,-,High specificity (HS) pattern matches chemicals that include exact heterocyclic moiety as in the depiction (fusion with other ring(s) are not allowed),,26703557,"2015 Salmina, ES"
TA2526,[oR1]1[cR1][cR1][cR1][cR1]1,A27542,Extended Functional Groups (EFG),Furans,,-,-,-,High specificity (HS) pattern matches chemicals that include exact heterocyclic moiety as in the depiction (fusion with other ring(s) are not allowed),,26703557,"2015 Salmina, ES"
TA2527,[sR1]1[cR1][cR1][cR1][cR1]1,A27542,Extended Functional Groups (EFG),Thiophenes,,-,-,-,High specificity (HS) pattern matches chemicals that include exact heterocyclic moiety as in the depiction (fusion with other ring(s) are not allowed),,26703557,"2015 Salmina, ES"
TA2528,[cR1]1[cR1][cR1][cR1][cR2]2[nR1][cR1][cR1][cR2]12,A27542,Extended Functional Groups (EFG),Indoles,,-,-,-,High specificity (HS) pattern matches chemicals that include exact heterocyclic moiety as in the depiction (fusion with other ring(s) are not allowed),,26703557,"2015 Salmina, ES"
TA2529,[cR1]1[cR1][cR1][cR1][cR2]2[oR1][cR1][cR1][cR2]12,A27542,Extended Functional Groups (EFG),Benzofurans,,-,-,-,High specificity (HS) pattern matches chemicals that include exact heterocyclic moiety as in the depiction (fusion with other ring(s) are not allowed),,26703557,"2015 Salmina, ES"
TA2530,[cR1]1[cR1][cR1][cR1][cR2]2[sR1][cR1][cR1][cR2]12,A27542,Extended Functional Groups (EFG),Benzothiophenes,,-,-,-,High specificity (HS) pattern matches chemicals that include exact heterocyclic moiety as in the depiction (fusion with other ring(s) are not allowed),,26703557,"2015 Salmina, ES"
TA2531,"[$([!#6!#1;R1]1~[!#6!#1;R1]~[#6R1]~[#6R1]~[#6R1]~1),$([!#6!#1;R1]1~[#6R1]~[!#6!#1;R1]~[#6R1]~[#6R1]~1)]",A27542,Extended Functional Groups (EFG),Five-membered heterocycles with two heteroatoms,A = any atom except carbon; a dashed line indicates any type of covalent bonds,-,-,-,High specificity (HS) pattern matches chemicals that include exact heterocyclic moiety as in the depiction (fusion with other ring(s) are not allowed),-,26703557,"2015 Salmina, ES"
TA2532,"[$([!#6!#1;R1]1[!#6!#1;R1][CR1][CR1][CR1]1),$([!#6!#1;R1]1[CR1][!#6!#1;R1][CR1][CR1]1)]",A27542,Extended Functional Groups (EFG),Saturated five-membered heterocycles with two heteroatoms,A = any atom except carbon,-,-,-,High specificity (HS) pattern matches chemicals that include exact heterocyclic moiety as in the depiction (fusion with other ring(s) are not allowed),,26703557,"2015 Salmina, ES"
TA2533,"[$([NR1]1[NR1][CR1][CR1][CR1]1),$([NR1]1[CR1][NR1][CR1][CR1]1)]",A27542,Extended Functional Groups (EFG),Diazolidines,,-,-,-,High specificity (HS) pattern matches chemicals that include exact heterocyclic moiety as in the depiction (fusion with other ring(s) are not allowed),,26703557,"2015 Salmina, ES"
TA2534,[NR1]1[NR1][CR1][CR1][CR1]1,A27542,Extended Functional Groups (EFG),Pyrazolidines,,-,-,-,High specificity (HS) pattern matches chemicals that include exact heterocyclic moiety as in the depiction (fusion with other ring(s) are not allowed),,26703557,"2015 Salmina, ES"
TA2535,[NR1]1[CR1][NR1][CR1][CR1]1,A27542,Extended Functional Groups (EFG),Imidazolidines,,-,-,-,High specificity (HS) pattern matches chemicals that include exact heterocyclic moiety as in the depiction (fusion with other ring(s) are not allowed),,26703557,"2015 Salmina, ES"
TA2536,"[$([OR1]1[OR1][CR1][CR1][CR1]1),$([OR1]1[CR1][OR1][CR1][CR1]1)]",A27542,Extended Functional Groups (EFG),Dioxolanes,,-,-,-,High specificity (HS) pattern matches chemicals that include exact heterocyclic moiety as in the depiction (fusion with other ring(s) are not allowed),,26703557,"2015 Salmina, ES"
TA2537,[OR1]1[OR1][CR1][CR1][CR1]1,A27542,Extended Functional Groups (EFG),"1,2-Dioxolanes",,-,-,-,High specificity (HS) pattern matches chemicals that include exact heterocyclic moiety as in the depiction (fusion with other ring(s) are not allowed),,26703557,"2015 Salmina, ES"
TA2538,[OR1]1[CR1][OR1][CR1][CR1]1,A27542,Extended Functional Groups (EFG),"1,3-Dioxolanes",,-,-,-,High specificity (HS) pattern matches chemicals that include exact heterocyclic moiety as in the depiction (fusion with other ring(s) are not allowed),,26703557,"2015 Salmina, ES"
TA2539,"[$([SR1]1[SR1][CR1][CR1][CR1]1),$([SR1]1[CR1][SR1][CR1][CR1]1)]",A27542,Extended Functional Groups (EFG),Dithiolanes,,-,-,-,High specificity (HS) pattern matches chemicals that include exact heterocyclic moiety as in the depiction (fusion with other ring(s) are not allowed),,26703557,"2015 Salmina, ES"
TA2540,[SR1]1[SR1][CR1][CR1][CR1]1,A27542,Extended Functional Groups (EFG),"1,2-Dithiolanes",,-,-,-,High specificity (HS) pattern matches chemicals that include exact heterocyclic moiety as in the depiction (fusion with other ring(s) are not allowed),,26703557,"2015 Salmina, ES"
TA2541,[SR1]1[CR1][SR1][CR1][CR1]1,A27542,Extended Functional Groups (EFG),"1,3-Dithiolanes",,-,-,-,High specificity (HS) pattern matches chemicals that include exact heterocyclic moiety as in the depiction (fusion with other ring(s) are not allowed),,26703557,"2015 Salmina, ES"
TA2542,"[$([!#6!#1;R1]1=[!#6!#1;R1][CR1]-,=[CR1][CR1]1),$([!#6!#1;R1]1[!#6!#1;R1]=[CR1][CR1][CR1]1),$([!#6!#1;R1]1[!#6!#1;R1][CR1]=[CR1][CR1]1),$([!#6!#1;R1]1=[CR1][!#6!#1;R1]-,=[CR1][CR1]1),$([!#6!#1;R1]1[CR1][!#6!#1;R1][CR1][CR1]=1),$([!#6!#1;R1]1[CR1][!#6!#1;R1][CR1]=[CR1]1)]",A27542,Extended Functional Groups (EFG),Unsaturated five-membered heterocycles with two heteroatoms,A = any atom except carbon,-,-,-,High specificity (HS) pattern matches chemicals that include exact heterocyclic moiety as in the depiction (fusion with other ring(s) are not allowed),,26703557,"2015 Salmina, ES"
TA2543,"[$([NR1]1=[NR1][CR1][CR1][CR1]1),$([NR1]1[NR1]=[CR1][CR1][CR1]1),$([NR1]1[NR1][CR1]=[CR1][CR1]1)]",A27542,Extended Functional Groups (EFG),Pyrazolines,,-,-,-,High specificity (HS) pattern matches chemicals that include exact heterocyclic moiety as in the depiction (fusion with other ring(s) are not allowed),,26703557,"2015 Salmina, ES"
TA2544,[NR1]1=[NR1][CR1][CR1][CR1]1,A27542,Extended Functional Groups (EFG),1-Pyrazolines,,-,-,-,High specificity (HS) pattern matches chemicals that include exact heterocyclic moiety as in the depiction (fusion with other ring(s) are not allowed),,26703557,"2015 Salmina, ES"
TA2545,[NR1]1[NR1]=[CR1][CR1][CR1]1,A27542,Extended Functional Groups (EFG),2-Pyrazolines,,-,-,-,High specificity (HS) pattern matches chemicals that include exact heterocyclic moiety as in the depiction (fusion with other ring(s) are not allowed),,26703557,"2015 Salmina, ES"
TA2546,"[$([NR1]1=[CR1][NR1][CR1][CR1]1),$([NR1]1[CR1][NR1]=[CR1][CR1]1),$([NR1]1[CR1][NR1][CR1]=[CR1]1)]",A27542,Extended Functional Groups (EFG),Imidazolines,,-,-,-,High specificity (HS) pattern matches chemicals that include exact heterocyclic moiety as in the depiction (fusion with other ring(s) are not allowed),,26703557,"2015 Salmina, ES"
TA2547,[NR1]1=[CR1][NR1][CR1][CR1]1,A27542,Extended Functional Groups (EFG),2-Imidazolines,,-,-,-,High specificity (HS) pattern matches chemicals that include exact heterocyclic moiety as in the depiction (fusion with other ring(s) are not allowed),,26703557,"2015 Salmina, ES"
TA2548,[NR1]1[CR1][NR1]=[CR1][CR1]1,A27542,Extended Functional Groups (EFG),3-Imidazolines,,-,-,-,High specificity (HS) pattern matches chemicals that include exact heterocyclic moiety as in the depiction (fusion with other ring(s) are not allowed),,26703557,"2015 Salmina, ES"
TA2549,[NR1]1[CR1][NR1][CR1]=[CR1]1,A27542,Extended Functional Groups (EFG),4-Imidazolines,,-,-,-,High specificity (HS) pattern matches chemicals that include exact heterocyclic moiety as in the depiction (fusion with other ring(s) are not allowed),,26703557,"2015 Salmina, ES"
TA2550,"[$([OR1]1[OR1][CR1]=[CR1][CR1]1),$([OR1]1[CR1][OR1][CR1]=[CR1]1)]",A27542,Extended Functional Groups (EFG),Dioxolenes,,-,-,-,High specificity (HS) pattern matches chemicals that include exact heterocyclic moiety as in the depiction (fusion with other ring(s) are not allowed),,26703557,"2015 Salmina, ES"
TA2551,[OR1]1[OR1][CR1]=[CR1][CR1]1,A27542,Extended Functional Groups (EFG),"1,2-Dioxolenes",,-,-,-,High specificity (HS) pattern matches chemicals that include exact heterocyclic moiety as in the depiction (fusion with other ring(s) are not allowed),,26703557,"2015 Salmina, ES"
TA2552,[OR1]1[CR1][OR1][CR1]=[CR1]1,A27542,Extended Functional Groups (EFG),"1,3-Dioxolenes",,-,-,-,High specificity (HS) pattern matches chemicals that include exact heterocyclic moiety as in the depiction (fusion with other ring(s) are not allowed),,26703557,"2015 Salmina, ES"
TA2553,"[$([SR1]1[SR1][CR1]=[CR1][CR1]1),$([SR1]1[CR1][SR1][CR1]=[CR1]1)]",A27542,Extended Functional Groups (EFG),Dithiolenes,,-,-,-,High specificity (HS) pattern matches chemicals that include exact heterocyclic moiety as in the depiction (fusion with other ring(s) are not allowed),,26703557,"2015 Salmina, ES"
TA2554,[SR1]1[SR1][CR1]=[CR1][CR1]1,A27542,Extended Functional Groups (EFG),"1,2-Dithiolenes",,-,-,-,High specificity (HS) pattern matches chemicals that include exact heterocyclic moiety as in the depiction (fusion with other ring(s) are not allowed),,26703557,"2015 Salmina, ES"
TA2555,[SR1]1[CR1][SR1][CR1]=[CR1]1,A27542,Extended Functional Groups (EFG),"1,3-Dithiolenes",,-,-,-,High specificity (HS) pattern matches chemicals that include exact heterocyclic moiety as in the depiction (fusion with other ring(s) are not allowed),,26703557,"2015 Salmina, ES"
TA2556,"[$([a!#6;R1]1[a!#6;R1][cR1][cR1][cR1]1),$([a!#6;R1]1[cR1][a!#6;R1][cR1][cR1]1)]",A27542,Extended Functional Groups (EFG),Aromatic five-membered heterocycles with two heteroatoms,A = any aromatic atom except carbon,-,-,-,High specificity (HS) pattern matches chemicals that include exact heterocyclic moiety as in the depiction (fusion with other ring(s) are not allowed),,26703557,"2015 Salmina, ES"
TA2557,"[$([nR1]1[nR1][cR1][cR1][cR1]1),$([nR1]1[cR1][nR1][cR1][cR1]1)]",A27542,Extended Functional Groups (EFG),Diazoles,,-,-,-,High specificity (HS) pattern matches chemicals that include exact heterocyclic moiety as in the depiction (fusion with other ring(s) are not allowed),,26703557,"2015 Salmina, ES"
TA2558,[nR1]1[nR1][cR1][cR1][cR1]1,A27542,Extended Functional Groups (EFG),Pyrazoles,,-,-,-,High specificity (HS) pattern matches chemicals that include exact heterocyclic moiety as in the depiction (fusion with other ring(s) are not allowed),,26703557,"2015 Salmina, ES"
TA2559,[nR1]1[cR1][nR1][cR1][cR1]1,A27542,Extended Functional Groups (EFG),Imidazoles,,-,-,-,High specificity (HS) pattern matches chemicals that include exact heterocyclic moiety as in the depiction (fusion with other ring(s) are not allowed),,26703557,"2015 Salmina, ES"
TA2560,"[$([oR1]1[nR1][cR1][cR1][cR1]1),$([oR1]1[cR1][nR1][cR1][cR1]1)]",A27542,Extended Functional Groups (EFG),Oxazoles,,-,-,-,High specificity (HS) pattern matches chemicals that include exact heterocyclic moiety as in the depiction (fusion with other ring(s) are not allowed),,26703557,"2015 Salmina, ES"
TA2561,[oR1]1[nR1][cR1][cR1][cR1]1,A27542,Extended Functional Groups (EFG),"1,2-Oxazoles",,-,-,-,High specificity (HS) pattern matches chemicals that include exact heterocyclic moiety as in the depiction (fusion with other ring(s) are not allowed),,26703557,"2015 Salmina, ES"
TA2562,[oR1]1[cR1][nR1][cR1][cR1]1,A27542,Extended Functional Groups (EFG),"1,3-Oxazoles",,-,-,-,High specificity (HS) pattern matches chemicals that include exact heterocyclic moiety as in the depiction (fusion with other ring(s) are not allowed),,26703557,"2015 Salmina, ES"
TA2563,"[$([sR1]1[nR1][cR1][cR1][cR1]1),$([sR1]1[cR1][nR1][cR1][cR1]1)]",A27542,Extended Functional Groups (EFG),Thiazoles,,-,-,-,High specificity (HS) pattern matches chemicals that include exact heterocyclic moiety as in the depiction (fusion with other ring(s) are not allowed),,26703557,"2015 Salmina, ES"
TA2564,[sR1]1[nR1][cR1][cR1][cR1]1,A27542,Extended Functional Groups (EFG),"1,2-Thiazoles",,-,-,-,High specificity (HS) pattern matches chemicals that include exact heterocyclic moiety as in the depiction (fusion with other ring(s) are not allowed),,26703557,"2015 Salmina, ES"
TA2565,[sR1]1[cR1][nR1][cR1][cR1]1,A27542,Extended Functional Groups (EFG),"1,3-Thiazoles",,-,-,-,High specificity (HS) pattern matches chemicals that include exact heterocyclic moiety as in the depiction (fusion with other ring(s) are not allowed),,26703557,"2015 Salmina, ES"
TA2566,"[$([!#6!#1;R1]1~[!#6!#1;R1]~[!#6!#1;R1]~[#6R1]~[#6R1]~1),$([!#6!#1;R1]1~[!#6!#1;R1]~[#6R1]~[!#6!#1;R1]~[#6R1]~1)]",A27542,Extended Functional Groups (EFG),Five-membered heterocycles with three heteroatoms,A = any atom except carbon; a dashed line indicates any type of covalent bonds,-,-,-,High specificity (HS) pattern matches chemicals that include exact heterocyclic moiety as in the depiction (fusion with other ring(s) are not allowed),-,26703557,"2015 Salmina, ES"
TA2567,"[$([!#6!#1;R1]1[!#6!#1;R1][!#6!#1;R1][CR1][CR1]1),$([!#6!#1;R1]1[!#6!#1;R1][CR1][!#6!#1;R1][CR1]1)]",A27542,Extended Functional Groups (EFG),Saturated five-membered heterocycles with three heteroatoms,A = any atom except carbon,-,-,-,High specificity (HS) pattern matches chemicals that include exact heterocyclic moiety as in the depiction (fusion with other ring(s) are not allowed),,26703557,"2015 Salmina, ES"
TA2568,"[$([NR1]1[NR1][NR1][CR1][CR1]1),$([NR1]1[NR1][CR1][NR1][CR1]1)]",A27542,Extended Functional Groups (EFG),Triazolidines,,-,-,-,High specificity (HS) pattern matches chemicals that include exact heterocyclic moiety as in the depiction (fusion with other ring(s) are not allowed),,26703557,"2015 Salmina, ES"
TA2569,[NR1]1[NR1][NR1][CR1][CR1]1,A27542,Extended Functional Groups (EFG),"1,2,3-Triazolidines",,-,-,-,High specificity (HS) pattern matches chemicals that include exact heterocyclic moiety as in the depiction (fusion with other ring(s) are not allowed),,26703557,"2015 Salmina, ES"
TA2570,[NR1]1[NR1][CR1][NR1][CR1]1,A27542,Extended Functional Groups (EFG),"1,2,4-Triazolidines",,-,-,-,High specificity (HS) pattern matches chemicals that include exact heterocyclic moiety as in the depiction (fusion with other ring(s) are not allowed),,26703557,"2015 Salmina, ES"
TA2571,"[$([OR1]1[OR1][OR1][CR1][CR1]1),$([OR1]1[OR1][CR1][OR1][CR1]1)]",A27542,Extended Functional Groups (EFG),Trioxolanes,,-,-,-,High specificity (HS) pattern matches chemicals that include exact heterocyclic moiety as in the depiction (fusion with other ring(s) are not allowed),,26703557,"2015 Salmina, ES"
TA2572,[OR1]1[OR1][OR1][CR1][CR1]1,A27542,Extended Functional Groups (EFG),"1,2,3-Trioxolanes",,-,-,-,High specificity (HS) pattern matches chemicals that include exact heterocyclic moiety as in the depiction (fusion with other ring(s) are not allowed),,26703557,"2015 Salmina, ES"
TA2573,[OR1]1[OR1][CR1][OR1][CR1]1,A27542,Extended Functional Groups (EFG),"1,2,4-Trioxolanes",,-,-,-,High specificity (HS) pattern matches chemicals that include exact heterocyclic moiety as in the depiction (fusion with other ring(s) are not allowed),,26703557,"2015 Salmina, ES"
TA2574,"[$([SR1]1[SR1][SR1][CR1][CR1]1),$([SR1]1[SR1][CR1][SR1][CR1]1)]",A27542,Extended Functional Groups (EFG),Trithiolanes,,-,-,-,High specificity (HS) pattern matches chemicals that include exact heterocyclic moiety as in the depiction (fusion with other ring(s) are not allowed),,26703557,"2015 Salmina, ES"
TA2575,[SR1]1[SR1][SR1][CR1][CR1]1,A27542,Extended Functional Groups (EFG),"1,2,3-Trithiolanes",,-,-,-,High specificity (HS) pattern matches chemicals that include exact heterocyclic moiety as in the depiction (fusion with other ring(s) are not allowed),,26703557,"2015 Salmina, ES"
TA2576,[SR1]1[SR1][CR1][SR1][CR1]1,A27542,Extended Functional Groups (EFG),"1,2,4-Trithiolanes",,-,-,-,High specificity (HS) pattern matches chemicals that include exact heterocyclic moiety as in the depiction (fusion with other ring(s) are not allowed),,26703557,"2015 Salmina, ES"
TA2577,"[$([!#6!#1;R1]1=[!#6!#1;R1][!#6!#1;R1]-,=[CR1][CR1]1),$([!#6!#1;R1]1[!#6!#1;R1][!#6!#1;R1][CR1][CR1]=1),$([!#6!#1;R1]1[!#6!#1;R1][!#6!#1;R1][CR1]=[CR1]1),$([!#6!#1;R1]1=[!#6!#1;R1][CR1][!#6!#1;R1]-,=[CR1]1),$([!#6!#1;R1]1[!#6!#1;R1][CR1][!#6!#1;R1][CR1]=1),$([!#6!#1;R1]1[!#6!#1;R1][CR1][!#6!#1;R1]=[CR1]1)]",A27542,Extended Functional Groups (EFG),Unsaturated five-membered heterocycles with three heteroatoms,A = any atom except carbon,-,-,-,High specificity (HS) pattern matches chemicals that include exact heterocyclic moiety as in the depiction (fusion with other ring(s) are not allowed),,26703557,"2015 Salmina, ES"
TA2578,"[$([NR1]1=[NR1][NR1][CR1][CR1]1),$([NR1]1[NR1][NR1][CR1][CR1]=1),$([NR1]1[NR1][NR1][CR1]=[CR1]1)]",A27542,Extended Functional Groups (EFG),"1,2,3-Triazolines",,-,-,-,High specificity (HS) pattern matches chemicals that include exact heterocyclic moiety as in the depiction (fusion with other ring(s) are not allowed),,26703557,"2015 Salmina, ES"
TA2579,"[$([NR1]1=[NR1][CR1][NR1][CR1]1),$([NR1]1[NR1]=[CR1][NR1][CR1]1),$([NR1]1[NR1][CR1]=[NR1][CR1]1)]",A27542,Extended Functional Groups (EFG),"1,2,4-Triazolines",,-,-,-,High specificity (HS) pattern matches chemicals that include exact heterocyclic moiety as in the depiction (fusion with other ring(s) are not allowed),,26703557,"2015 Salmina, ES"
TA2580,[OR1]1[OR1][OR1][CR1]=[CR1]1,A27542,Extended Functional Groups (EFG),"1,2,3-Trioxoles",,-,-,-,High specificity (HS) pattern matches chemicals that include exact heterocyclic moiety as in the depiction (fusion with other ring(s) are not allowed),,26703557,"2015 Salmina, ES"
TA2581,[SR1]1[SR1][SR1][CR1]=[CR1]1,A27542,Extended Functional Groups (EFG),"1,2,3-Trithioles",,-,-,-,High specificity (HS) pattern matches chemicals that include exact heterocyclic moiety as in the depiction (fusion with other ring(s) are not allowed),,26703557,"2015 Salmina, ES"
TA2582,"[$([a!#6;R1]1[a!#6;R1][a!#6;R1][cR1][cR1]1),$([a!#6;R1]1[a!#6;R1][cR1][a!#6;R1][cR1]1)]",A27542,Extended Functional Groups (EFG),Aromatic five-membered heterocycles with three heteroatoms,A = any aromatic atom except carbon,-,-,-,High specificity (HS) pattern matches chemicals that include exact heterocyclic moiety as in the depiction (fusion with other ring(s) are not allowed),,26703557,"2015 Salmina, ES"
TA2583,"[$([nR1]1[nR1][nR1][cR1][cR1]1),$([nR1]1[nR1][cR1][nR1][cR1]1)]",A27542,Extended Functional Groups (EFG),Triazoles,,-,-,-,High specificity (HS) pattern matches chemicals that include exact heterocyclic moiety as in the depiction (fusion with other ring(s) are not allowed),,26703557,"2015 Salmina, ES"
TA2584,[nR1]1[nR1][nR1][cR1][cR1]1,A27542,Extended Functional Groups (EFG),"1,2,3-Triazoles",,-,-,-,High specificity (HS) pattern matches chemicals that include exact heterocyclic moiety as in the depiction (fusion with other ring(s) are not allowed),,26703557,"2015 Salmina, ES"
TA2585,[nR1]1[nR1][cR1][nR1][cR1]1,A27542,Extended Functional Groups (EFG),"1,2,4-Triazoles",,-,-,-,High specificity (HS) pattern matches chemicals that include exact heterocyclic moiety as in the depiction (fusion with other ring(s) are not allowed),,26703557,"2015 Salmina, ES"
TA2586,"[$([oR1]1[nR1][nR1][cR1][cR1]1),$([oR1]1[nR1][cR1][nR1][cR1]1),$([oR1]1[nR1][cR1][cR1][nR1]1),$([oR1]1[cR1][nR1][nR1][cR1]1)]",A27542,Extended Functional Groups (EFG),Oxadiazoles,,-,-,-,High specificity (HS) pattern matches chemicals that include exact heterocyclic moiety as in the depiction (fusion with other ring(s) are not allowed),,26703557,"2015 Salmina, ES"
TA2587,[oR1]1[nR1][nR1][cR1][cR1]1,A27542,Extended Functional Groups (EFG),"1,2,3-Oxadiazoles",,-,-,-,High specificity (HS) pattern matches chemicals that include exact heterocyclic moiety as in the depiction (fusion with other ring(s) are not allowed),,26703557,"2015 Salmina, ES"
TA2588,[oR1]1[nR1][cR1][nR1][cR1]1,A27542,Extended Functional Groups (EFG),"1,2,4-Oxadiazoles",,-,-,-,High specificity (HS) pattern matches chemicals that include exact heterocyclic moiety as in the depiction (fusion with other ring(s) are not allowed),,26703557,"2015 Salmina, ES"
TA2589,[oR1]1[nR1][cR1][cR1][nR1]1,A27542,Extended Functional Groups (EFG),"1,2,5-Oxadiazoles (furazanes)",,-,-,-,High specificity (HS) pattern matches chemicals that include exact heterocyclic moiety as in the depiction (fusion with other ring(s) are not allowed),,26703557,"2015 Salmina, ES"
TA2590,[oR1]1[cR1][nR1][nR1][cR1]1,A27542,Extended Functional Groups (EFG),"1,3,4-Oxadiazoles",,-,-,-,High specificity (HS) pattern matches chemicals that include exact heterocyclic moiety as in the depiction (fusion with other ring(s) are not allowed),,26703557,"2015 Salmina, ES"
TA2591,[!#6!#1;R1]1~[!#6!#1;R1]~[!#6!#1;R1]~[!#6!#1;R1]~[#6R1]~1,A27542,Extended Functional Groups (EFG),Five-membered heterocycles with four heteroatoms,A = any atom except carbon; a dashed line indicates any type of covalent bonds,-,-,-,High specificity (HS) pattern matches chemicals that include exact heterocyclic moiety as in the depiction (fusion with other ring(s) are not allowed),,26703557,"2015 Salmina, ES"
TA2592,[!#6!#1;R1]1-[!#6!#1;R1]-[!#6!#1;R1]-[!#6!#1;R1][CR1]1,A27542,Extended Functional Groups (EFG),Saturated five-membered heterocycles with four heteroatoms,A = any atom except carbon,-,-,-,High specificity (HS) pattern matches chemicals that include exact heterocyclic moiety as in the depiction (fusion with other ring(s) are not allowed),,26703557,"2015 Salmina, ES"
TA2593,[NR1]1[NR1][NR1][NR1][CR1]1,A27542,Extended Functional Groups (EFG),Tetrazolidines,,-,-,-,High specificity (HS) pattern matches chemicals that include exact heterocyclic moiety as in the depiction (fusion with other ring(s) are not allowed),,26703557,"2015 Salmina, ES"
TA2594,[OR1]1[OR1][OR1][OR1][CR1]1,A27542,Extended Functional Groups (EFG),Tetraoxolanes,,-,-,-,High specificity (HS) pattern matches chemicals that include exact heterocyclic moiety as in the depiction (fusion with other ring(s) are not allowed),,26703557,"2015 Salmina, ES"
TA2595,[SR1]1[SR1][SR1][SR1][CR1]1,A27542,Extended Functional Groups (EFG),Tetrathiolanes,,-,-,-,High specificity (HS) pattern matches chemicals that include exact heterocyclic moiety as in the depiction (fusion with other ring(s) are not allowed),,26703557,"2015 Salmina, ES"
TA2596,"[$([!#6!#1;R1]1=[!#6!#1;R1][!#6!#1;R1]-,=[!#6!#1;R1][#6R1]1),$([!#6!#1;R1]1[!#6!#1;R1]=[!#6!#1;R1][!#6!#1;R1][#6R1]1),$([!#6!#1;R1]1[!#6!#1;R1][!#6!#1;R1][!#6!#1;R1][#6R1]=1)]",A27542,Extended Functional Groups (EFG),Unsaturated five-membered heterocycles with four heteroatoms,A = any atom except carbon,-,-,-,High specificity (HS) pattern matches chemicals that include exact heterocyclic moiety as in the depiction (fusion with other ring(s) are not allowed),,26703557,"2015 Salmina, ES"
TA2597,[a!#6;R1]1[a!#6;R1][a!#6;R1][a!#6;R1][cR1]1,A27542,Extended Functional Groups (EFG),Aromatic five-membered heterocycles with four heteroatoms,A = any aromatic atom except carbon,-,-,-,High specificity (HS) pattern matches chemicals that include exact heterocyclic moiety as in the depiction (fusion with other ring(s) are not allowed),,26703557,"2015 Salmina, ES"
TA2598,[nR1]1[nR1][nR1][nR1][cR1]1,A27542,Extended Functional Groups (EFG),Tetrazoles,,-,-,-,High specificity (HS) pattern matches chemicals that include exact heterocyclic moiety as in the depiction (fusion with other ring(s) are not allowed),,26703557,"2015 Salmina, ES"
TA2599,"[$([oR1]1[nR1][nR1][nR1][cR1]1),$([oR1]1[nR1][nR1][cR1][nR1]1)]",A27542,Extended Functional Groups (EFG),Oxatriazoles,,-,-,-,High specificity (HS) pattern matches chemicals that include exact heterocyclic moiety as in the depiction (fusion with other ring(s) are not allowed),,26703557,"2015 Salmina, ES"
TA2600,[oR1]1[nR1][nR1][nR1][cR1]1,A27542,Extended Functional Groups (EFG),"1,2,3,4-Oxatriazoles",,-,-,-,High specificity (HS) pattern matches chemicals that include exact heterocyclic moiety as in the depiction (fusion with other ring(s) are not allowed),,26703557,"2015 Salmina, ES"
TA2601,[oR1]1[nR1][nR1][cR1][nR1]1,A27542,Extended Functional Groups (EFG),"1,2,3,5-Oxatriazoles",,-,-,-,High specificity (HS) pattern matches chemicals that include exact heterocyclic moiety as in the depiction (fusion with other ring(s) are not allowed),,26703557,"2015 Salmina, ES"
TA2602,"[$([sR1]1[nR1][nR1][nR1][cR1]1),$([sR1]1[nR1][nR1][cR1][nR1]1)]",A27542,Extended Functional Groups (EFG),Thiatriazoles,,-,-,-,High specificity (HS) pattern matches chemicals that include exact heterocyclic moiety as in the depiction (fusion with other ring(s) are not allowed),,26703557,"2015 Salmina, ES"
TA2603,[sR1]1[nR1][nR1][nR1][cR1]1,A27542,Extended Functional Groups (EFG),"1,2,3,4-Thiatriazoles",,-,-,-,High specificity (HS) pattern matches chemicals that include exact heterocyclic moiety as in the depiction (fusion with other ring(s) are not allowed),,26703557,"2015 Salmina, ES"
TA2604,[sR1]1[nR1][nR1][cR1][nR1]1,A27542,Extended Functional Groups (EFG),"1,2,3,5-Thiatriazoles",,-,-,-,High specificity (HS) pattern matches chemicals that include exact heterocyclic moiety as in the depiction (fusion with other ring(s) are not allowed),,26703557,"2015 Salmina, ES"
TA2605,[!#6!#1;R1]1~[!#6!#1;R1]~[!#6!#1;R1]~[!#6!#1;R1]~[!#6!#1;R1]~1,A27542,Extended Functional Groups (EFG),Five-membered heterocycles with five heteroatoms,A = any atom except carbon; a dashed line indicates any type of covalent bonds,-,-,-,High specificity (HS) pattern matches chemicals that include exact heterocyclic moiety as in the depiction (fusion with other ring(s) are not allowed),,26703557,"2015 Salmina, ES"
TA2606,[!#6!#1;R1]1-[!#6!#1;R1]-[!#6!#1;R1]-[!#6!#1;R1]-[!#6!#1;R1]-1,A27542,Extended Functional Groups (EFG),Saturated five-membered heterocycles with five heteroatoms,A = any atom except carbon,-,-,-,High specificity (HS) pattern matches chemicals that include exact heterocyclic moiety as in the depiction (fusion with other ring(s) are not allowed),,26703557,"2015 Salmina, ES"
TA2607,[NR1]1[NR1][NR1][NR1][NR1]1,A27542,Extended Functional Groups (EFG),Pentazolidines,,-,-,-,High specificity (HS) pattern matches chemicals that include exact heterocyclic moiety as in the depiction (fusion with other ring(s) are not allowed),,26703557,"2015 Salmina, ES"
TA2608,[OR1]1[OR1][OR1][OR1][OR1]1,A27542,Extended Functional Groups (EFG),Pentaoxolanes,,-,-,-,High specificity (HS) pattern matches chemicals that include exact heterocyclic moiety as in the depiction (fusion with other ring(s) are not allowed),,26703557,"2015 Salmina, ES"
TA2609,[SR1]1[SR1][SR1][SR1][SR1]1,A27542,Extended Functional Groups (EFG),Pentathiolanes,,-,-,-,High specificity (HS) pattern matches chemicals that include exact heterocyclic moiety as in the depiction (fusion with other ring(s) are not allowed),,26703557,"2015 Salmina, ES"
TA2610,[!#6!#1;R1]1=[!#6!#1;R1]-[!#6!#1;R1]-[!#6!#1;R1]-[!#6!#1;R1]-1,A27542,Extended Functional Groups (EFG),Unsaturated five-membered heterocycles with five heteroatoms,A = any atom except carbon,-,-,-,High specificity (HS) pattern matches chemicals that include exact heterocyclic moiety as in the depiction (fusion with other ring(s) are not allowed),,26703557,"2015 Salmina, ES"
TA2611,[a!#6;R1]1[a!#6;R1][a!#6;R1][a!#6;R1][a!#6;R1]1,A27542,Extended Functional Groups (EFG),Aromatic five-membered heterocycles with five heteroatoms,A = any aromatic atom except carbon,-,-,-,High specificity (HS) pattern matches chemicals that include exact heterocyclic moiety as in the depiction (fusion with other ring(s) are not allowed),,26703557,"2015 Salmina, ES"
TA2612,[nR1]1[nR1][nR1][nR1][nR1]1,A27542,Extended Functional Groups (EFG),Pentazoles,,-,-,-,High specificity (HS) pattern matches chemicals that include exact heterocyclic moiety as in the depiction (fusion with other ring(s) are not allowed),,26703557,"2015 Salmina, ES"
TA2639,[!#6!#1;R1]1~[*R1]~[*R1]~[*R1]~[*R1]~[*R1]~1,A27542,Extended Functional Groups (EFG),Six-membered heterocycles,A = any atom except carbon; A1 = any atom; a dashed line indicates any type of covalent bonds,-,-,-,High specificity (HS) pattern matches chemicals that include exact heterocyclic moiety as in the depiction (fusion with other ring(s) are not allowed),,26703557,"2015 Salmina, ES"
TA2640,[!#6!#1;R1]1~[#6R1]~[#6R1]~[#6R1]~[#6R1]~[#6R1]~1,A27542,Extended Functional Groups (EFG),Six-membered heterocycles with one heteroatom,A = any atom except carbon; a dashed line indicates any type of covalent bonds,-,-,-,High specificity (HS) pattern matches chemicals that include exact heterocyclic moiety as in the depiction (fusion with other ring(s) are not allowed),,26703557,"2015 Salmina, ES"
TA2641,[!#6!#1;R1]1[CR1][CR1][CR1][CR1][CR1]1,A27542,Extended Functional Groups (EFG),Saturated six-membered heterocycles with one heteroatom,A = any atom except carbon,-,-,-,High specificity (HS) pattern matches chemicals that include exact heterocyclic moiety as in the depiction (fusion with other ring(s) are not allowed),,26703557,"2015 Salmina, ES"
TA2642,[NR1]1[CR1][CR1][CR1][CR1][CR1]1,A27542,Extended Functional Groups (EFG),Piperidines,,-,-,-,High specificity (HS) pattern matches chemicals that include exact heterocyclic moiety as in the depiction (fusion with other ring(s) are not allowed),,26703557,"2015 Salmina, ES"
TA2643,[OR1]1[CR1][CR1][CR1][CR1][CR1]1,A27542,Extended Functional Groups (EFG),Tetrahydropyrans,,-,-,-,High specificity (HS) pattern matches chemicals that include exact heterocyclic moiety as in the depiction (fusion with other ring(s) are not allowed),,26703557,"2015 Salmina, ES"
TA2644,[SR1]1[CR1][CR1][CR1][CR1][CR1]1,A27542,Extended Functional Groups (EFG),Tetrahydrothiopyrans,,-,-,-,High specificity (HS) pattern matches chemicals that include exact heterocyclic moiety as in the depiction (fusion with other ring(s) are not allowed),,26703557,"2015 Salmina, ES"
TA2645,"[$([!#1!#6;R1]1=[CR1]~[CR1]~[CR1]~[CR1]~[CR1]~1),$([!#1!#6;R1]1~[CR1]=[CR1]~[CR1]~[CR1]~[CR1]~1),$([!#1!#6;R1]1~[CR1]~[CR1]=[CR1]~[CR1]~[CR1]~1);!$([a!c]1ccccc1)]",A27542,Extended Functional Groups (EFG),Unsaturated six-membered heterocycles with one heteroatom,A = any atom except carbon,-,-,-,High specificity (HS) pattern matches chemicals that include exact heterocyclic moiety as in the depiction (fusion with other ring(s) are not allowed),,26703557,"2015 Salmina, ES"
TA2646,"[$([NR1]1=[CR1][CR1][CR1][CR1][CR1]1),$([NR1]1[CR1]=[CR1][CR1][CR1][CR1]1),$([NR1]1[CR1][CR1]=[CR1][CR1][CR1]1)]",A27542,Extended Functional Groups (EFG),Tetrahydropyridines,,-,-,-,High specificity (HS) pattern matches chemicals that include exact heterocyclic moiety as in the depiction (fusion with other ring(s) are not allowed),,26703557,"2015 Salmina, ES"
TA2647,"[$([NR1]1=[CR1][CR1]-,=[CR1]-,=[CR1][CR1]1),$([NR1]1[CR1]=[CR1][CR1][CR1]-,=[CR1]-,=1),$([NR1]1[CR1]=[CR1][CR1]=[CR1][CR1]1)]",A27542,Extended Functional Groups (EFG),Dihydropyridines,,-,-,-,High specificity (HS) pattern matches chemicals that include exact heterocyclic moiety as in the depiction (fusion with other ring(s) are not allowed),,26703557,"2015 Salmina, ES"
TA2648,"[OR1]1[CR1]=[CR1][CR1]-,=[CR1]-,=[CR1]1",A27542,Extended Functional Groups (EFG),Pyrans,,-,-,-,Low specifisity (HS) pattern matches any chemicals that include depicted heterocyclic moiety (fusion with other ring(s) are allowed),,26703557,"2015 Salmina, ES"
TA2649,"[SR1]1[CR1]=[CR1][CR1]-,=[CR1]-,=[CR1]1",A27542,Extended Functional Groups (EFG),Thiopyrans,,-,-,-,High specificity (HS) pattern matches chemicals that include exact heterocyclic moiety as in the depiction (fusion with other ring(s) are not allowed),,26703557,"2015 Salmina, ES"
TA2650,[a!c;R1]1[cR1][cR1][cR1][cR1][cR1]1,A27542,Extended Functional Groups (EFG),Aromatic six-membered heterocycles with one heteroatom,A = any aromatic atom except carbon,-,-,-,High specificity (HS) pattern matches chemicals that include exact heterocyclic moiety as in the depiction (fusion with other ring(s) are not allowed),,26703557,"2015 Salmina, ES"
TA2651,[nR1]1[cR1][cR1][cR1][cR1][cR1]1,A27542,Extended Functional Groups (EFG),Pyridines,,-,-,-,High specificity (HS) pattern matches chemicals that include exact heterocyclic moiety as in the depiction (fusion with other ring(s) are not allowed),,26703557,"2015 Salmina, ES"
TA2652,"[$([!#6!#1;R1]1~[!#6!#1]~[#6R1]~[#6R1]~[#6R1]~[#6R1]~1),$([!#6!#1;R1]1~[#6R1]~[!#6!#1]~[#6R1]~[#6R1]~[#6R1]~1),$([!#6!#1;R1]1~[#6R1]~[#6R1]~[!#6!#1]~[#6R1]~[#6R1]~1)]",A27542,Extended Functional Groups (EFG),Six-membered heterocycles with two heteroatoms,A = any atom except carbon; a dashed line indicates any type of covalent bonds,-,-,-,High specificity (HS) pattern matches chemicals that include exact heterocyclic moiety as in the depiction (fusion with other ring(s) are not allowed),,26703557,"2015 Salmina, ES"
TA2653,"[$([!#6!#1;R1]1[!#6!#1;R1][CR1][CR1][CR1][CR1]1),$([!#6!#1;R1]1[CR1][!#6!#1;R1][CR1][CR1][CR1]1),$([!#6!#1;R1]1[CR1][CR1][!#6!#1;R1][CR1][CR1]1)]",A27542,Extended Functional Groups (EFG),Saturated six-membered heterocycles with two heteroatoms,A = any atom except carbon,-,-,-,High specificity (HS) pattern matches chemicals that include exact heterocyclic moiety as in the depiction (fusion with other ring(s) are not allowed),,26703557,"2015 Salmina, ES"
TA2654,"[$([NR1]1[NR1][CR1][CR1][CR1][CR1]1),$([NR1]1[CR1][NR1][CR1][CR1][CR1]1),$([NR1]1[CR1][CR1][NR1][CR1][CR1]1)]",A27542,Extended Functional Groups (EFG),Hexahydrodiazines,,-,-,-,High specificity (HS) pattern matches chemicals that include exact heterocyclic moiety as in the depiction (fusion with other ring(s) are not allowed),,26703557,"2015 Salmina, ES"
TA2655,"[$([OR1]1[OR1][CR1][CR1][CR1][CR1]1),$([OR1]1[CR1][OR1][CR1][CR1][CR1]1),$([OR1]1[CR1][CR1][OR1][CR1][CR1]1)]",A27542,Extended Functional Groups (EFG),Dioxanes,,-,-,-,High specificity (HS) pattern matches chemicals that include exact heterocyclic moiety as in the depiction (fusion with other ring(s) are not allowed),,26703557,"2015 Salmina, ES"
TA2656,"[$([SR1]1[SR1][CR1][CR1][CR1][CR1]1),$([SR1]1[CR1][SR1][CR1][CR1][CR1]1),$([SR1]1[CR1][CR1][SR1][CR1][CR1]1)]",A27542,Extended Functional Groups (EFG),Dithianes,,-,-,-,High specificity (HS) pattern matches chemicals that include exact heterocyclic moiety as in the depiction (fusion with other ring(s) are not allowed),,26703557,"2015 Salmina, ES"
TA2657,[NR1]1[CR1][CR1][OR1][CR1][CR1]1,A27542,Extended Functional Groups (EFG),Morpholines,,-,-,-,High specificity (HS) pattern matches chemicals that include exact heterocyclic moiety as in the depiction (fusion with other ring(s) are not allowed),,26703557,"2015 Salmina, ES"
TA2658,"[$([!#6!#1;R1]1=[!#6!#1;R1]~[#6R1]~[#6R1]~[#6R1]~[#6R1]~1),$([!#6!#1;R1]1~[!#6!#1;R1]=[#6R1]~[#6R1]~[#6R1]~[#6R1]~1),$([!#6!#1;R1]1~[!#6!#1;R1]~[#6R1]=[#6R1]~[#6R1]~[#6R1]~1),$([!#6!#1;R1]1~[!#6!#1;R1]~[#6R1]~[#6R1]=[#6R1]~[#6R1]~1),$([!#6!#1;R1]1~[#6R1]~[!#6!#1;R1]~[#6R1]~[#6R1]~[#6R1]=1),$([!#6!#1;R1]1=[#6R1]~[!#6!#1;R1]~[#6R1]~[#6R1]~[#6R1]~1),$([!#6!#1;R1]1~[#6R1]~[!#6!#1;R1]~[#6R1]~[#6R1]=[#6R1]~1),$([!#6!#1;R1]1=[#6R1]~[#6R1]~[!#6!#1;R1]~[#6R1]~[#6R1]~1),$([!#6!#1;R1]1~[#6R1]=[#6R1]~[!#6!#1;R1]~[#6R1]~[#6R1]~1);!$([a!c]1[a!c]cccc1);!$([a!c]1c[a!c]ccc1);!$([a!c]1cc[a!c]cc1)]",A27542,Extended Functional Groups (EFG),Unsaturated six-membered heterocycles with two heteroatoms,A = any atom except carbon; a dashed line indicates any type of covalent bonds,-,-,-,High specificity (HS) pattern matches chemicals that include exact heterocyclic moiety as in the depiction (fusion with other ring(s) are not allowed),,26703557,"2015 Salmina, ES"
TA2659,"[$([NR1]1=[NR1][CR1][CR1][CR1][CR1]1),$([NR1]1[NR1]=[CR1][CR1][CR1][CR1]1),$([NR1]1[NR1][CR1]=[CR1][CR1][CR1]1),$([NR1]1[NR1][CR1][CR1]=[CR1][CR1]1),$([NR1]1=[CR1][CR1][NR1][CR1][CR1]1),$([NR1]1[CR1]=[CR1][NR1][CR1][CR1]1),$([NR1]1=[CR1][NR1][CR1][CR1][CR1]1),$([NR1]1[CR1][NR1]=[CR1][CR1][CR1]1),$([NR1]1[CR1][NR1][CR1]=[CR1][CR1]1)]",A27542,Extended Functional Groups (EFG),Tetrahydrodiazines,,-,-,-,High specificity (HS) pattern matches chemicals that include exact heterocyclic moiety as in the depiction (fusion with other ring(s) are not allowed),,26703557,"2015 Salmina, ES"
TA2660,"[$([NR1]1=[NR1][CR1]=[CR1][CR1][CR1]1),$([NR1]1=[NR1][CR1]=[CR1][CR1][CR1]1),$([NR1]1[NR1][CR1]=[CR1][CR1]=[CR1]1),$([NR1]1[NR1]=[CR1][CR1]=[CR1][CR1]1),$([NR1]1[NR1]=[CR1][CR1][CR1]=[CR1]1),$([NR1]1[NR1]=[CR1][CR1][CR1][CR1]=1),$([NR1]1[CR1][NR1]=[CR1][CR1][CR1]=1),$([NR1]1=[CR1][NR1]=[CR1][CR1][CR1]1),$([NR1]1=[CR1][NR1][CR1]=[CR1][CR1]1),$([NR1]1=[CR1][NR1][CR1][CR1]=[CR1]1),$([NR1]1[CR1][NR1]=[CR1][CR1]=[CR1]1),$([NR1]1=[CR1][CR1]=[NR1][CR1][CR1]1),$([NR1]1=[CR1][CR1][NR1]=[CR1][CR1]1),$([NR1]1=[CR1][CR1][NR1][CR1]=[CR1]1),$([NR1]1[CR1]=[CR1][NR1][CR1]=[CR1]1)]",A27542,Extended Functional Groups (EFG),Dihydrodiazines,,-,-,-,High specificity (HS) pattern matches chemicals that include exact heterocyclic moiety as in the depiction (fusion with other ring(s) are not allowed),,26703557,"2015 Salmina, ES"
TA2661,"[$([OR1]1[OR1][CR1]=[CR1][CR1]=[CR1]1),$([OR1]1[CR1]=[CR1][OR1][CR1]=[CR1]1)]",A27542,Extended Functional Groups (EFG),Dioxines,,-,-,-,High specificity (HS) pattern matches chemicals that include exact heterocyclic moiety as in the depiction (fusion with other ring(s) are not allowed),,26703557,"2015 Salmina, ES"
TA2662,"[$([a!c;R1]1[a!c;R1][cR1][cR1][cR1][cR1]1),$([a!c;R1]1[cR1][a!c;R1][cR1][cR1][cR1]1),$([a!c;R1]1[cR1][cR1][a!c;R1][cR1][cR1]1)]",A27542,Extended Functional Groups (EFG),Aromatic six-membered heterocycles with two heteroatoms,A = any aromatic atom except carbon,-,-,-,High specificity (HS) pattern matches chemicals that include exact heterocyclic moiety as in the depiction (fusion with other ring(s) are not allowed),,26703557,"2015 Salmina, ES"
TA2663,[nR1]1[nR1][cR1][cR1][cR1][cR1]1,A27542,Extended Functional Groups (EFG),Pyridazines,,-,-,-,High specificity (HS) pattern matches chemicals that include exact heterocyclic moiety as in the depiction (fusion with other ring(s) are not allowed),,26703557,"2015 Salmina, ES"
TA2664,[nR1]1[cR1][nR1][cR1][cR1][cR1]1,A27542,Extended Functional Groups (EFG),Pyrimidines,,-,-,-,High specificity (HS) pattern matches chemicals that include exact heterocyclic moiety as in the depiction (fusion with other ring(s) are not allowed),,26703557,"2015 Salmina, ES"
TA2665,[nR1]1[cR1][cR1][nR1][cR1][cR1]1,A27542,Extended Functional Groups (EFG),Pyrazines,,-,-,-,High specificity (HS) pattern matches chemicals that include exact heterocyclic moiety as in the depiction (fusion with other ring(s) are not allowed),,26703557,"2015 Salmina, ES"
TA2666,"[$([!#6!#1;R1]1~[!#6!#1;R1]~[!#6!#1;R1]~[#6R1]~[#6R1]~[#6R1]~1),$([!#6!#1;R1]1~[!#6!#1;R1]~[#6R1]~[!#6!#1;R1]~[#6R1]~[#6R1]~1),$([!#6!#1;R1]1~[#6R1]~[!#6!#1;R1]~[#6R1]~[!#6!#1;R1]~[#6R1]~1)]",A27542,Extended Functional Groups (EFG),Six-membered heterocycles with three heteroatoms,A = any atom except carbon; a dashed line indicates any type of covalent bonds,-,-,-,High specificity (HS) pattern matches chemicals that include exact heterocyclic moiety as in the depiction (fusion with other ring(s) are not allowed),,26703557,"2015 Salmina, ES"
TA2667,"[$([!#6!#1;R1]1[!#6!#1;R1][!#6!#1;R1][CR1][CR1][CR1]1),$([!#6!#1;R1]1[!#6!#1;R1][CR1][!#6!#1;R1][CR1][CR1]1),$([!#6!#1;R1]1[CR1][!#6!#1;R1][CR1][!#6!#1;R1][CR1]1)]",A27542,Extended Functional Groups (EFG),Saturated six-membered heterocycles with three heteroatoms,A = any atom except carbon,-,-,-,High specificity (HS) pattern matches chemicals that include exact heterocyclic moiety as in the depiction (fusion with other ring(s) are not allowed),,26703557,"2015 Salmina, ES"
TA2668,"[$([NR1]1[NR1][NR1][CR1][CR1][CR1]1),$([NR1]1[NR1][CR1][NR1][CR1][CR1]1),$([NR1]1[CR1][NR1][CR1][NR1][CR1]1)]",A27542,Extended Functional Groups (EFG),Hexahydrotriazines,,-,-,-,High specificity (HS) pattern matches chemicals that include exact heterocyclic moiety as in the depiction (fusion with other ring(s) are not allowed),,26703557,"2015 Salmina, ES"
TA2669,"[$([OR1]1[OR1][OR1][CR1][CR1][CR1]1),$([OR1]1[OR1][CR1][OR1][CR1][CR1]1),$([OR1]1[CR1][OR1][CR1][OR1][CR1]1)]",A27542,Extended Functional Groups (EFG),Trioxanes,,-,-,-,High specificity (HS) pattern matches chemicals that include exact heterocyclic moiety as in the depiction (fusion with other ring(s) are not allowed),,26703557,"2015 Salmina, ES"
TA2670,"[$([SR1]1[SR1][SR1][CR1][CR1][CR1]1),$([SR1]1[SR1][CR1][SR1][CR1][CR1]1),$([SR1]1[CR1][SR1][CR1][SR1][CR1]1)]",A27542,Extended Functional Groups (EFG),Trithianes,,-,-,-,High specificity (HS) pattern matches chemicals that include exact heterocyclic moiety as in the depiction (fusion with other ring(s) are not allowed),,26703557,"2015 Salmina, ES"
TA2671,"[$([!#6!#1;R1]1=[!#6!#1;R1]~[!#6!#1;R1]~[#6R1]~[#6R1]~[#6R1]~1),$([!#6!#1;R1]1~[!#6!#1;R1]~[!#6!#1;R1]=[#6R1]~[#6R1]~[#6R1]~1),$([!#6!#1;R1]1~[!#6!#1;R1]~[!#6!#1;R1]~[#6R1]=[#6R1]~[#6R1]~1),$([!#6!#1;R1]1=[!#6!#1;R1]~[#6R1]~[!#6!#1;R1]~[#6R1]~[#6R1]~1),$([!#6!#1;R1]1~[!#6!#1;R1]=[#6R1]~[!#6!#1;R1]~[#6R1]~[#6R1]~1),$([!#6!#1;R1]1~[!#6!#1;R1]~[#6R1]=[!#6!#1;R1]~[#6R1]~[#6R1]~1),$([!#6!#1;R1]1~[!#6!#1;R1]~[#6R1]~[!#6!#1;R1]=[#6R1]~[#6R1]~1),$([!#6!#1;R1]1~[!#6!#1;R1]~[#6R1]~[!#6!#1;R1]~[#6R1]=[#6R1]~1),$([!#6!#1;R1]1=[#6R1]~[!#6!#1;R1]~[#6R1]~[!#6!#1;R1]~[#6R1]~1);!$([a!c]1[a!c][a!c]ccc1);!$([a!c]1[a!c]c[a!c]cc1);!$([a!c]1c[a!c]c[a!c]c1)]",A27542,Extended Functional Groups (EFG),Unsaturated six-membered heterocycles with three heteroatoms,A = any atom except carbon; a dashed line indicates any type of covalent bonds,-,-,-,High specificity (HS) pattern matches chemicals that include exact heterocyclic moiety as in the depiction (fusion with other ring(s) are not allowed),,26703557,"2015 Salmina, ES"
TA2672,"[$([a!c;R1]1[a!c;R1][a!c;R1][cR1][cR1][cR1]1),$([a!c;R1]1[a!c;R1][cR1][a!c;R1][cR1][cR1]1),$([a!c;R1]1[cR1][a!c;R1][cR1][a!c;R1][cR1]1)]",A27542,Extended Functional Groups (EFG),Aromatic six-membered heterocycles with three heteroatoms,A = any aromatic atom except carbon,-,-,-,High specificity (HS) pattern matches chemicals that include exact heterocyclic moiety as in the depiction (fusion with other ring(s) are not allowed),,26703557,"2015 Salmina, ES"
TA2673,"[$([nR1]1[nR1][nR1][cR1][cR1][cR1]1),$([nR1]1[nR1][cR1][nR1][cR1][cR1]1),$([nR1]1[cR1][nR1][cR1][nR1][cR1]1)]",A27542,Extended Functional Groups (EFG),Triazines,,-,-,-,High specificity (HS) pattern matches chemicals that include exact heterocyclic moiety as in the depiction (fusion with other ring(s) are not allowed),,26703557,"2015 Salmina, ES"
TA2674,"[$([!#6!#1;R1]1~[!#6!#1;R1]~[!#6!#1;R1]~[!#6!#1;R1]~[#6R1]~[#6R1]~1),$([!#6!#1;R1]1~[!#6!#1;R1]~[!#6!#1;R1]~[#6R1]~[!#6!#1;R1]~[#6R1]~1),$([!#6!#1;R1]1~[!#6!#1;R1]~[#6R1]~[!#6!#1;R1]~[!#6!#1;R1]~[#6R1]~1)]",A27542,Extended Functional Groups (EFG),Six-membered heterocycles with four heteroatoms,A = any atom except carbon; a dashed line indicates any type of covalent bonds,-,-,-,High specificity (HS) pattern matches chemicals that include exact heterocyclic moiety as in the depiction (fusion with other ring(s) are not allowed),,26703557,"2015 Salmina, ES"
TA2675,"[$([!#6!#1;R1]1[!#6!#1;R1][!#6!#1;R1][!#6!#1;R1][CR1][CR1]1),$([!#6!#1;R1]1[!#6!#1;R1][!#6!#1;R1][CR1][!#6!#1;R1][CR1]1),$([!#6!#1;R1]1[!#6!#1;R1][CR1][!#6!#1;R1][!#6!#1;R1][CR1]1)]",A27542,Extended Functional Groups (EFG),Saturated six-membered heterocycles with four heteroatoms,A = any atom except carbon,-,-,-,High specificity (HS) pattern matches chemicals that include exact heterocyclic moiety as in the depiction (fusion with other ring(s) are not allowed),,26703557,"2015 Salmina, ES"
TA2676,"[$([NR1]1[NR1][NR1][NR1][CR1][CR1]1),$([NR1]1[NR1][CR1][NR1][NR1][CR1]1),$([NR1]1[NR1][NR1][CR1][NR1][CR1]1)]",A27542,Extended Functional Groups (EFG),Hexahydrotetrazines,,-,-,-,High specificity (HS) pattern matches chemicals that include exact heterocyclic moiety as in the depiction (fusion with other ring(s) are not allowed),,26703557,"2015 Salmina, ES"
TA2677,"[$([OR1]1[OR1][OR1][OR1][CR1][CR1]1),$([OR1]1[OR1][CR1][OR1][OR1][CR1]1)]",A27542,Extended Functional Groups (EFG),Tetroxanes,,-,-,-,High specificity (HS) pattern matches chemicals that include exact heterocyclic moiety as in the depiction (fusion with other ring(s) are not allowed),,26703557,"2015 Salmina, ES"
TA2678,"[$([SR1]1[SR1][SR1][SR1][CR1][CR1]1),$([SR1]1[SR1][CR1][SR1][SR1][CR1]1)]",A27542,Extended Functional Groups (EFG),Tetrathianes,,-,-,-,High specificity (HS) pattern matches chemicals that include exact heterocyclic moiety as in the depiction (fusion with other ring(s) are not allowed),,26703557,"2015 Salmina, ES"
TA2679,"[$([!#6!#1;R1]1=[!#6!#1;R1]~[!#6!#1;R1]~[!#6!#1;R1]~[#6R1]~[#6R1]~1),$([!#6!#1;R1]1~[!#6!#1;R1]=[!#6!#1;R1]~[!#6!#1;R1]~[#6R1]~[#6R1]~1),$([!#6!#1;R1]1~[!#6!#1;R1]~[!#6!#1;R1]~[!#6!#1;R1]=[#6R1]~[#6R1]~1),$([!#6!#1;R1]1~[!#6!#1;R1]~[!#6!#1;R1]~[!#6!#1;R1]~[#6R1]=[#6R1]~1),$([!#6!#1;R1]1=[!#6!#1;R1]~[!#6!#1;R1]~[#6R1]~[!#6!#1;R1]~[#6R1]~1),$([!#6!#1;R1]1~[!#6!#1;R1]~[!#6!#1;R1]~[#6R1]~[!#6!#1;R1]~[#6R1]=1),$([!#6!#1;R1]1~[!#6!#1;R1]~[!#6!#1;R1]~[#6R1]~[!#6!#1;R1]=[#6R1]~1),$([!#6!#1;R1]1~[!#6!#1;R1]~[#6R1]~[!#6!#1;R1]~[!#6!#1;R1]~[#6R1]=1),$([!#6!#1;R1]1=[!#6!#1;R1]~[#6R1]~[!#6!#1;R1]~[!#6!#1;R1]~[#6R1]~1);!$([a!c]1[a!c][a!c][a!c]cc1);!$([a!c]1[a!c][a!c]c[a!c]c1);!$([a!c]1[a!c]c[a!c][a!c]c1)]",A27542,Extended Functional Groups (EFG),Unsaturated six-membered heterocycles with four heteroatoms,A = any atom except carbon; a dashed line indicates any type of covalent bonds,-,-,-,High specificity (HS) pattern matches chemicals that include exact heterocyclic moiety as in the depiction (fusion with other ring(s) are not allowed),,26703557,"2015 Salmina, ES"
TA2680,"[$([NR1]1=[NR1][NR1][NR1][CR1][CR1]1),$([NR1]1[NR1]=[NR1][NR1][CR1][CR1]1),$([NR1]1[NR1][NR1][NR1][CR1][CR1]=1),$([NR1]1[NR1][NR1][NR1][CR1]=[CR1]1),$([NR1]1[NR1][NR1][CR1][NR1][CR1]=1),$([NR1]1[NR1][NR1][CR1][NR1]=[CR1]1),$([NR1]1[NR1]=[NR1][CR1][NR1][CR1]1),$([NR1]1[NR1]=[CR1][NR1][NR1][CR1]1),$([NR1]1=[NR1][CR1][NR1][NR1][CR1]1)]",A27542,Extended Functional Groups (EFG),Tetrahydrotetrazines,,-,-,-,High specificity (HS) pattern matches chemicals that include exact heterocyclic moiety as in the depiction (fusion with other ring(s) are not allowed),,26703557,"2015 Salmina, ES"
TA2681,"[$([a!c;R1]1[a!c;R1][a!c;R1][a!c;R1][cR1][cR1]1),$([a!c;R1]1[a!c;R1][a!c;R1][cR1][a!c;R1][cR1]1),$([a!c;R1]1[a!c;R1][cR1][a!c;R1][a!c;R1][cR1]1)]",A27542,Extended Functional Groups (EFG),Aromatic six-membered heterocycles with four heteroatoms,A = any aromatic atom except carbon,-,-,-,High specificity (HS) pattern matches chemicals that include exact heterocyclic moiety as in the depiction (fusion with other ring(s) are not allowed),,26703557,"2015 Salmina, ES"
TA2682,"[$([nR1]1[nR1][nR1][nR1][cR1][cR1]1),$([nR1]1[nR1][nR1][cR1][nR1][cR1]1),$([nR1]1[nR1][cR1][nR1][nR1][cR1]1)]",A27542,Extended Functional Groups (EFG),Tetrazines,,-,-,-,High specificity (HS) pattern matches chemicals that include exact heterocyclic moiety as in the depiction (fusion with other ring(s) are not allowed),,26703557,"2015 Salmina, ES"
TA2683,[!#6!#1;R1]1~[!#6!#1;R1]~[!#6!#1;R1]~[!#6!#1;R1]~[!#6!#1;R1]~[#6R1]~1,A27542,Extended Functional Groups (EFG),Six-membered heterocycles with five heteroatoms,A = any atom except carbon; a dashed line indicates any type of covalent bonds,-,-,-,High specificity (HS) pattern matches chemicals that include exact heterocyclic moiety as in the depiction (fusion with other ring(s) are not allowed),,26703557,"2015 Salmina, ES"
TA2684,[!#6!#1;R1]1-[!#6!#1;R1]-[!#6!#1;R1]-[!#6!#1;R1]-[!#6!#1;R1]-[CR1]-1,A27542,Extended Functional Groups (EFG),Saturated six-membered heterocycles with five heteroatoms,A = any aromatic atom except carbon,-,-,-,High specificity (HS) pattern matches chemicals that include exact heterocyclic moiety as in the depiction (fusion with other ring(s) are not allowed),,26703557,"2015 Salmina, ES"
TA2685,"[$([!#6!#1;R1]1=[!#6!#1;R1]~[!#6!#1;R1]~[!#6!#1;R1]~[!#6!#1;R1]~[#6R1]~1),$([!#6!#1;R1]1~[!#6!#1;R1]=[!#6!#1;R1]~[!#6!#1;R1]~[!#6!#1;R1]~[#6R1]~1),$([!#6!#1;R1]1~[!#6!#1;R1]~[!#6!#1;R1]~[!#6!#1;R1]~[!#6!#1;R1]~[#6R1]=1);!$([a!c]1[a!c][a!c][a!c][a!c]c1)]",A27542,Extended Functional Groups (EFG),Unsaturated six-membered heterocycles with five heteroatoms,A = any atom except carbon; a dashed line indicates any type of covalent bonds,-,-,-,High specificity (HS) pattern matches chemicals that include exact heterocyclic moiety as in the depiction (fusion with other ring(s) are not allowed),,26703557,"2015 Salmina, ES"
TA2686,[a!c;R1]1[a!c;R1][a!c;R1][a!c;R1][a!c;R1][cR1]1,A27542,Extended Functional Groups (EFG),Aromatic six-membered heterocycles with five heteroatoms,A = any aromatic atom except carbon,-,-,-,High specificity (HS) pattern matches chemicals that include exact heterocyclic moiety as in the depiction (fusion with other ring(s) are not allowed),,26703557,"2015 Salmina, ES"
TA2687,[nR1]1[nR1][nR1][nR1][nR1][cR1]1,A27542,Extended Functional Groups (EFG),Pentazines,,-,-,-,High specificity (HS) pattern matches chemicals that include exact heterocyclic moiety as in the depiction (fusion with other ring(s) are not allowed),,26703557,"2015 Salmina, ES"
TA2688,[!#6!#1;R1]1~[!#6!#1;R1]~[!#6!#1;R1]~[!#6!#1;R1]~[!#6!#1;R1]~[!#6!#1;R1]~1,A27542,Extended Functional Groups (EFG),Six-membered heterocycles with six heteroatoms,A = any atom except carbon; a dashed line indicates any type of covalent bonds,-,-,-,High specificity (HS) pattern matches chemicals that include exact heterocyclic moiety as in the depiction (fusion with other ring(s) are not allowed),,26703557,"2015 Salmina, ES"
TA2689,[!#6!#1;R1]1-[!#6!#1;R1]-[!#6!#1;R1]-[!#6!#1;R1]-[!#6!#1;R1]-[!#6!#1;R1]-1,A27542,Extended Functional Groups (EFG),Saturated six-membered heterocycles with six heteroatoms,A = any aromatic atom except carbon,-,-,-,High specificity (HS) pattern matches chemicals that include exact heterocyclic moiety as in the depiction (fusion with other ring(s) are not allowed),,26703557,"2015 Salmina, ES"
TA2690,[$([!#6!#1;R1]1=[!#6!#1;R1]~[!#6!#1;R1]~[!#6!#1;R1]~[!#6!#1;R1]~[!#6!#1;R1]~1);!$([a!c]1[a!c][a!c][a!c][a!c][a!c]1)],A27542,Extended Functional Groups (EFG),Unsaturated six-membered heterocycles with six heteroatoms,A = any atom except carbon; a dashed line indicates any type of covalent bonds,-,-,-,High specificity (HS) pattern matches chemicals that include exact heterocyclic moiety as in the depiction (fusion with other ring(s) are not allowed),,26703557,"2015 Salmina, ES"
TA2691,[a!c;R1]1[a!c;R1][a!c;R1][a!c;R1][a!c;R1][a!c;R1]1,A27542,Extended Functional Groups (EFG),Aromatic six-membered heterocycles with six heteroatoms,A = any aromatic atom except carbon,-,-,-,High specificity (HS) pattern matches chemicals that include exact heterocyclic moiety as in the depiction (fusion with other ring(s) are not allowed),,26703557,"2015 Salmina, ES"
TA2692,[nR1]1[nR1][nR1][nR1][nR1][nR1]1,A27542,Extended Functional Groups (EFG),Hexazines,,-,-,-,High specificity (HS) pattern matches chemicals that include exact heterocyclic moiety as in the depiction (fusion with other ring(s) are not allowed),,26703557,"2015 Salmina, ES"
TA2694,"[$([SR1]1[SR1][CR1]=[CR1][CR1]=[CR1]1),$([SR1]1[CR1]=[CR1][SR1][CR1]=[CR1]1)]",A27542,Extended Functional Groups (EFG),Dithiines,,-,-,-,High specificity (HS) pattern matches chemicals that include exact heterocyclic moiety as in the depiction (fusion with other ring(s) are not allowed),,26703557,"2015 Salmina, ES"
TA2695,"[$([NR1]1=[NR1][NR1][NR1][CR1]=[CR1]1),$([NR1]1[NR1]=[NR1][NR1][CR1]=[CR1]1),$([NR1]1[NR1]=[NR1][NR1]=[CR1][CR1]1),$([NR1]1[NR1][NR1]=[NR1][CR1][CR1]=1),$([NR1]1[NR1][NR1][NR1]=[CR1][CR1]=1),$([NR1]1=[NR1][NR1]=[NR1][CR1][CR1]1),$([NR1]1=[NR1][NR1][CR1][NR1]=[CR1]1),$([NR1]1[NR1]=[NR1][CR1][NR1]=[CR1]1),$([NR1]1[NR1][NR1]=[CR1][NR1]=[CR1]1),$([NR1]1[NR1]=[NR1][CR1][NR1][CR1]=1),$([NR1]1[NR1][NR1]=[CR1][NR1][CR1]=1),$([NR1]1=[NR1][NR1]=[CR1][NR1][CR1]1),$([NR1]1=[NR1][NR1][CR1]=[NR1][CR1]1),$([NR1]1[NR1]=[CR1][NR1][NR1][CR1]=1),$([NR1]1[NR1][CR1]=[NR1][NR1][CR1]=1),$([NR1]1[NR1][CR1][NR1]=[NR1][CR1]=1),$([NR1]1=[NR1][CR1]=[NR1][NR1][CR1]1),$([NR1]1=[NR1][CR1][NR1]=[NR1][CR1]1)]",A27542,Extended Functional Groups (EFG),Dihydrotetrazines,,-,-,-,High specificity (HS) pattern matches chemicals that include exact heterocyclic moiety as in the depiction (fusion with other ring(s) are not allowed),,26703557,"2015 Salmina, ES"
TA2696,[NR1]1[NR1][NR1][NR1][NR1][CR1]1,A27542,Extended Functional Groups (EFG),Hexahydropentazines,,-,-,-,High specificity (HS) pattern matches chemicals that include exact heterocyclic moiety as in the depiction (fusion with other ring(s) are not allowed),,26703557,"2015 Salmina, ES"
TA2697,[OR1]1[OR1][OR1][OR1][OR1][CR1]1,A27542,Extended Functional Groups (EFG),Pentoxanes,,-,-,-,High specificity (HS) pattern matches chemicals that include exact heterocyclic moiety as in the depiction (fusion with other ring(s) are not allowed),,26703557,"2015 Salmina, ES"
TA2698,[SR1]1[SR1][SR1][SR1][SR1][CR1]1,A27542,Extended Functional Groups (EFG),Pentathianes,,-,-,-,High specificity (HS) pattern matches chemicals that include exact heterocyclic moiety as in the depiction (fusion with other ring(s) are not allowed),,26703557,"2015 Salmina, ES"
TA2701,"[!#8!#7!#16][CX3]([!#8!#7!#16])=[CX3]([!#8!#7!#16])[!#8!#7!#16] AND NOT [$([CX3]=[CX2]=[CX3]),$([CX3]=[CX3][CX3]=[CX3]),$([CX3]=[CX3][CX4][CX3]=[CX3])]",A12075,Extended Functional Groups (EFG),Alkenes,"R1, R2, R3, R4 = H, alkyl, aryl",-,-,-,,,-,2005 CheckMol
TA2702,[CX3]=[CX2]=[CX3],A27542,Extended Functional Groups (EFG),"Cumulated alkadienes (1,2-alkadienes)","R1, R2, R3, R4 = any atom/ group",-,-,-,,,26703557,"2015 Salmina, ES"
TA2706,"[CX3]=[CX3][CX4][F,Cl,Br,I]",A27542,Extended Functional Groups (EFG),Allyl halides,"R1, R2, R3, R4, R5 = any atom/ group",-,-,-,,,26703557,"2015 Salmina, ES"
TA2707,[CX3]=[CX3][CX4]F,A27542,Extended Functional Groups (EFG),Allyl fluorides,"R1, R2, R3, R4, R5 = any atom/ group",-,-,-,,,26703557,"2015 Salmina, ES"
TA2708,[CX3]=[CX3][CX4]Cl,A27542,Extended Functional Groups (EFG),Allyl chlorides,"R1, R2, R3, R4, R5 = any atom/ group",-,-,-,,,26703557,"2015 Salmina, ES"
TA2709,[CX3]=[CX3][CX4]Br,A27542,Extended Functional Groups (EFG),Allyl bromides,"R1, R2, R3, R4, R5 = any atom/ group",-,-,-,,,26703557,"2015 Salmina, ES"
TA2710,[CX3]=[CX3][CX4]I,A27542,Extended Functional Groups (EFG),Allyl iodides,"R1, R2, R3, R4, R5 = any atom/ group",-,-,-,,,26703557,"2015 Salmina, ES"
TA2713,F[CX3]=[CX3],A27542,Extended Functional Groups (EFG),Vinyl fluorides,"R1, R2, R3 = any atom/ group",-,-,-,,,26703557,"2015 Salmina, ES"
TA2714,Cl[CX3]=[CX3],A27542,Extended Functional Groups (EFG),Vinyl chlorides,"R1, R2, R3 = any atom/ group",-,-,-,,,26703557,"2015 Salmina, ES"
TA2715,Br[CX3]=[CX3],A27542,Extended Functional Groups (EFG),Vinyl bromides,"R1, R2, R3 = any atom/ group",-,-,-,,,26703557,"2015 Salmina, ES"
TA2716,I[CX3]=[CX3],A27542,Extended Functional Groups (EFG),Vinyl iodides,"R1, R2, R3 = any atom/ group",-,-,-,,,26703557,"2015 Salmina, ES"
TA2717,F[CX2]#[CX2],A27542,Extended Functional Groups (EFG),Alkynyl fluorides,R = any atom/ group,-,-,-,,,26703557,"2015 Salmina, ES"
TA2718,Cl[CX2]#[CX2],A27542,Extended Functional Groups (EFG),Alkynyl chlorides,R = any atom/ group,-,-,-,,,26703557,"2015 Salmina, ES"
TA2720,I[CX2]#[CX2],A27542,Extended Functional Groups (EFG),Alkynyl iodides,R = any atom/ group,-,-,-,,,26703557,"2015 Salmina, ES"
TA2721,Br[CX2]#[CX2],A27542,Extended Functional Groups (EFG),Alkynyl bromides,R = any atom/ group,-,-,-,,,26703557,"2015 Salmina, ES"
TA2726,"[CX4&!$([CX4]([SX2])([#7,O,S,F,Cl,Br,I,P]))][SX2][CX4&!$([CX4]([SX2])([#7,O,S,F,Cl,Br,I,P]))]",A27542,Extended Functional Groups (EFG),Dialkylthioethers,"R1, R2 = alkyl",-,-,-,,,26703557,"2015 Salmina, ES"
TA2727,"[CX4&!$([CX4]([SX2])([#7,O,S,F,Cl,Br,I,P]))][SX2]c",A27542,Extended Functional Groups (EFG),Alkylarylthioethers,"R1 = alkyl, R2 = aryl",-,-,-,,,26703557,"2015 Salmina, ES"
TA2728,c[SX2&!$([SX2r3])]c,A27542,Extended Functional Groups (EFG),Diarylthioethers,"R1, R2 = aryl",-,-,-,,,26703557,"2015 Salmina, ES"
TA2730,c([OH1])c([OH1]),A12075,Extended Functional Groups (EFG),"1,2 ? Diphenols",,-,-,-,,,-,2005 CheckMol
TA2731,c([OH1])[aR1]c([OH1]),A27542,Extended Functional Groups (EFG),"1,3 ? Diphenols",,-,-,-,,,26703557,"2015 Salmina, ES"
TA2732,c1([OH1])aac([OH1])aa1,A27542,Extended Functional Groups (EFG),"1,4 - Diphenols",,-,-,-,,,26703557,"2015 Salmina, ES"
TA2733,c([SH1])c([SH1]),A27542,Extended Functional Groups (EFG),"1,2 ? Dithiophenols",,-,-,-,,,26703557,"2015 Salmina, ES"
TA2734,c([SH1])[aR1]c([SH1]),A27542,Extended Functional Groups (EFG),"1,3 ? Dithiophenols",,-,-,-,,,26703557,"2015 Salmina, ES"
TA2735,c1([SH1])aac([SH1])aa1,A27542,Extended Functional Groups (EFG),"1,4 ? Dithiophenols",,-,-,-,,,26703557,"2015 Salmina, ES"
TA2736,"c([OH1])c[NX3]([#1,#6])[#1,#6]",A27542,Extended Functional Groups (EFG),"1,2 ? Aminophenols","R1, R2 = H, any carbon atom",-,-,-,,,26703557,"2015 Salmina, ES"
TA2737,"c([OH1])[aR1]c[NX3]([#1,#6])[#1,#6]",A27542,Extended Functional Groups (EFG),"1,3 ? Aminophenols","R1, R2 = H, any carbon atom",-,-,-,,,26703557,"2015 Salmina, ES"
TA2738,"c1([OH1])aac([NX3]([#1,#6])[#1,#6])aa1",A27542,Extended Functional Groups (EFG),"1,4 ? Aminophenols","R1, R2 = H, any carbon atom",-,-,-,,,26703557,"2015 Salmina, ES"
TA2739,"c([SH1])c[NX3]([#1,#6])[#1,#6]",A27542,Extended Functional Groups (EFG),"1,2 ? Aminothiophenols","R1, R2 = H, any carbon atom",-,-,-,,,26703557,"2015 Salmina, ES"
TA2740,"c([SH1])[aR1]c[NX3]([#1,#6])[#1,#6]",A27542,Extended Functional Groups (EFG),"1,3 ? Aminothiophenols","R1, R2 = H, any carbon atom",-,-,-,,,26703557,"2015 Salmina, ES"
TA2741,"c1([SH1])aac([NX3]([#1,#6])[#1,#6])aa1",A27542,Extended Functional Groups (EFG),"1,4 ? Aminothiophenols","R1, R2 = H, any carbon atom",-,-,-,,,26703557,"2015 Salmina, ES"
TA2743,"[CX2]#[CX2][OX2][#6&!$([CX4]([OX2])([#7,O,S,F,Cl,Br,I,P]))&!$([CX3]([OX2])=[OX1,SX1,NX2,C])]",A27542,Extended Functional Groups (EFG),Alkynyl ethers,"R1, R2 = H, alkyl, aryl",-,-,-,,,26703557,"2015 Salmina, ES"
TA2744,"[CX2]#[CX2][SX2][#6&!$([CX4]([OX2])([#7,O,S,F,Cl,Br,I,P]))&!$([CX3]([OX2])=[OX1,SX1,NX2,C])]",A27542,Extended Functional Groups (EFG),Alkynyl thioethers,"R1, R2 = H, alkyl, aryl",-,-,-,,,26703557,"2015 Salmina, ES"
TA2751,"[#1,#6&!$([CX3]=[OX1,SX1,NX2])][OX2][CX3](=[OX1])[OX2][#6&!$([CX3]=[OX1,SX1,NX2])]",A27542,Extended Functional Groups (EFG),Carbonic acid esters,"R1 = H, alkyl, aryl; R2 = alkyl, aryl",-,-,-,,,26703557,"2015 Salmina, ES"
TA2754,"[#6][OX2][Sv6X4](=[OX1])(=[OX1])[OH1,OX1-,$([OX2][#6])]",A27542,Extended Functional Groups (EFG),Sulfuric acid esters,"R1 = alkyl, aryl; R2 = H, alkyl, aryl",-,-,-,,,26703557,"2015 Salmina, ES"
TA2762,[OX1]=[Pv5X4]([NX3])([#6])[!#6!$([SX2])],A27542,Extended Functional Groups (EFG),Phosphonic acid amides,"R1 = alkyl, aryl; R2, R3 = H, alkyl, aryl; Y = any O, N, Hal residue",-,-,-,,,26703557,"2015 Salmina, ES"
TA2763,"[OX1]=[Pv5X4]([F,Cl,Br,I])([#6])[!#6!$([SX2])]",A27542,Extended Functional Groups (EFG),Phosphonic acid halides,"R1 = alkyl, aryl; X = F, Cl, Br, I; Y = any O, N, Hal residue",-,-,-,,,26703557,"2015 Salmina, ES"
,[O-][Cl+3]([O-])([O-])[O-],,,Perchlorate,,,,,,,,
,F[PH](F)(F)(F)(F)F,,,Hexafluorophosphate,,,,,,,,
,F[B-](F)(F)F,,,Tetrafluoroborate,,,,,,,,
,[CX4](F)(F)[CX4](F)F,,,Perfluorinated chain,,,,,,,,
